Workbook
Name cfgStartHdr: 'Guide'!$C$20
Name cfgLWDHdr: 'Guide'!$C$21
Name cfgTypeHdr: 'Guide'!$C$22
Name cfgStatusHdr: 'Guide'!$C$23
Name cfgIDHdr: 'Guide'!$C$24
Name FiltCat: 'Dashboard'!$C$5
Name FiltPeriod: 'Dashboard'!$E$5
Name P_ID: INDEX('Data_Profile'!$A$5:$AZ$5004,0,MATCH(cfgIDHdr,'Data_Profile'!$4:$4,0))
Name P_Start: INDEX('Data_Profile'!$A$5:$AZ$5004,0,MATCH(cfgStartHdr,'Data_Profile'!$4:$4,0))
Name P_LWD: INDEX('Data_Profile'!$A$5:$AZ$5004,0,MATCH(cfgLWDHdr,'Data_Profile'!$4:$4,0))
Name P_Type: INDEX('Data_Profile'!$A$5:$AZ$5004,0,MATCH(cfgTypeHdr,'Data_Profile'!$4:$4,0))
Name P_Status: INDEX('Data_Profile'!$A$5:$AZ$5004,0,MATCH(cfgStatusHdr,'Data_Profile'!$4:$4,0))
Name L_ID: INDEX('Data_Leavers'!$A$5:$AZ$5004,0,MATCH(cfgIDHdr,'Data_Leavers'!$4:$4,0))
Name L_Start: INDEX('Data_Leavers'!$A$5:$AZ$5004,0,MATCH(cfgStartHdr,'Data_Leavers'!$4:$4,0))
Name L_LWD: INDEX('Data_Leavers'!$A$5:$AZ$5004,0,MATCH(cfgLWDHdr,'Data_Leavers'!$4:$4,0))
Name L_Type: INDEX('Data_Leavers'!$A$5:$AZ$5004,0,MATCH(cfgTypeHdr,'Data_Leavers'!$4:$4,0))
Name L_Status: INDEX('Data_Leavers'!$A$5:$AZ$5004,0,MATCH(cfgStatusHdr,'Data_Leavers'!$4:$4,0))
Name L_InP: 'Calc'!$A$5:$A$5004
Name P_TypeN: 'Calc'!$B$5:$B$5004
Name L_TypeN: 'Calc'!$D$5:$D$5004
Name P_StatusN: 'Calc'!$E$5:$E$5004
Name L_StatusN: 'Calc'!$G$5:$G$5004
Name L_TwinIna: 'Calc'!$J$5:$J$5004
Name PeriodList: 'Calc'!$F$5:$F$58
Name SelStart: 'Calc'!$K$2
Name SelEnd: 'Calc'!$K$3
Name SelStartTxt: IF('Calc'!$K$2="","",TEXT('Calc'!$K$2,"yyyy-mm"))
Name SelEndTxt: IF('Calc'!$K$3="","",TEXT('Calc'!$K$3,"yyyy-mm"))

Sheet Dashboard
B2: IBGT Department Turnover Dashboard
B3: =IF('Calc'!$H$2+'Calc'!$I$2>0,"⚠ Header mapping broken - open the Guide sheet and check C20:C24","Data source: Data_Profile "&TEXT(SUMPRODUCT(--(P_ID<>"")),"0")&" rows | Data_Leavers "&TEXT(SUMPRODUCT(--(L_ID<>"")),"0")&" rows | "&IF('Calc'!$C$5="","No data yet - paste data and it updates automatically",TEXT('Calc'!$C$5,"yyyy-mm")&" onward, 48 months"))
B5: Type Filter | C5: All | D5: Period | E5: All | G5: Switch type and period - cards update instantly; headcount is measured at the end of the selected period, joiners & leavers within it
B7: Period-End Headcount | E7: Joiners in Period | H7: Leavers in Period | K7: Data Coverage
B8: =IF('Calc'!$H$2+'Calc'!$I$2>0,"Fix header mapping",IF('Calc'!$C$5="","-",IF('Calc'!$K$3="",SUMPRODUCT((P_StatusN="ACTIVE")*(ISNUMBER(P_Start))*(P_Start<=TODAY())*((P_TypeN=UPPER(FiltCat))+(FiltCat="All")))+SUMPRODUCT((L_StatusN="ACTIVE")*(ISNUMBER(L_Start))*(L_Start<=TODAY())*((L_TypeN=UPPER(FiltCat))+(FiltCat="All")))-SUMPRODUCT((L_StatusN="ACTIVE")*(ISNUMBER(L_Start))*(L_Start<=TODAY())*((L_TypeN=UPPER(FiltCat))+(FiltCat="All"))*(L_InP=1)),SUMPRODUCT((ISNUMBER(P_Start))*(P_Start<=EOMONTH('Calc'!$K$3,0))*(((P_StatusN="ACTIVE")+((ISNUMBER(P_LWD))*(P_LWD>=EOMONTH('Calc'!$K$3,0))))>0)*((P_TypeN=UPPER(FiltCat))+(FiltCat="All")))+SUMPRODUCT((ISNUMBER(L_Start))*(L_Start<=EOMONTH('Calc'!$K$3,0))*(((L_StatusN="ACTIVE")+((ISNUMBER(L_LWD))*(L_LWD>=EOMONTH('Calc'!$K$3,0))))>0)*((L_TypeN=UPPER(FiltCat))+(FiltCat="All")))-SUMPRODUCT((ISNUMBER(L_Start))*(L_Start<=EOMONTH('Calc'!$K$3,0))*(((L_StatusN="ACTIVE")+((ISNUMBER(L_LWD))*(L_LWD>=EOMONTH('Calc'!$K$3,0))))>0)*((L_TypeN=UPPER(FiltCat))+(FiltCat="All"))*(L_InP=1))))) | E8: =IF('Calc'!$H$2+'Calc'!$I$2>0,"Fix header mapping",IF('Calc'!$C$5="","-",IF('Calc'!$K$3="",SUM('Monthly Detail'!$H$5:$H$52),SUMPRODUCT((ISNUMBER(P_Start))*(P_Start>=SelStart)*(P_Start<=SelEnd)*((P_TypeN=UPPER(FiltCat))+(FiltCat="All")))+SUMPRODUCT((ISNUMBER(L_Start))*(L_Start>=SelStart)*(L_Start<=SelEnd)*((L_TypeN=UPPER(FiltCat))+(FiltCat="All")))-SUMPRODUCT((ISNUMBER(L_Start))*(L_Start>=SelStart)*(L_Start<=SelEnd)*((L_TypeN=UPPER(FiltCat))+(FiltCat="All"))*(L_InP=1))))) | H8: =IF('Calc'!$H$2+'Calc'!$I$2>0,"Fix header mapping",IF('Calc'!$C$5="","-",IF('Calc'!$K$3="",SUMPRODUCT((P_StatusN="INACTIVE")*((P_TypeN=UPPER(FiltCat))+(FiltCat="All")))+SUMPRODUCT((L_StatusN="INACTIVE")*((L_TypeN=UPPER(FiltCat))+(FiltCat="All")))-SUMPRODUCT((L_StatusN="INACTIVE")*((L_TypeN=UPPER(FiltCat))+(FiltCat="All"))*(L_InP=1)*(L_TwinIna=1)),SUMPRODUCT((P_StatusN="INACTIVE")*(ISNUMBER(P_LWD))*(P_LWD>=SelStart)*(P_LWD<=SelEnd)*((P_TypeN=UPPER(FiltCat))+(FiltCat="All")))+SUMPRODUCT((L_StatusN="INACTIVE")*(ISNUMBER(L_LWD))*(L_LWD>=SelStart)*(L_LWD<=SelEnd)*((L_TypeN=UPPER(FiltCat))+(FiltCat="All")))-SUMPRODUCT((L_StatusN="INACTIVE")*(ISNUMBER(L_LWD))*(L_LWD>=SelStart)*(L_LWD<=SelEnd)*((L_TypeN=UPPER(FiltCat))+(FiltCat="All"))*(L_InP=1)*(L_TwinIna=1))))) | K8: =IF('Calc'!$H$2+'Calc'!$I$2>0,"Fix header mapping",IF('Calc'!$C$5="","-",TEXT(MAX(P_Start,P_LWD,L_Start,L_LWD),"yyyy-mm")))
B10: Headcount - Perm | E10: Headcount - PC | H10: Headcount - MS | K10: Latest Month Leavers
B11: =IF('Calc'!$H$2+'Calc'!$I$2>0,"Fix header mapping",IF('Calc'!$C$5="","-",IF('Calc'!$K$3="",SUMPRODUCT((P_StatusN="ACTIVE")*(ISNUMBER(P_Start))*(P_Start<=TODAY())*((P_TypeN="PERM")))+SUMPRODUCT((L_StatusN="ACTIVE")*(ISNUMBER(L_Start))*(L_Start<=TODAY())*((L_TypeN="PERM")))-SUMPRODUCT((L_StatusN="ACTIVE")*(ISNUMBER(L_Start))*(L_Start<=TODAY())*((L_TypeN="PERM"))*(L_InP=1)),SUMPRODUCT((ISNUMBER(P_Start))*(P_Start<=EOMONTH('Calc'!$K$3,0))*(((P_StatusN="ACTIVE")+((ISNUMBER(P_LWD))*(P_LWD>=EOMONTH('Calc'!$K$3,0))))>0)*((P_TypeN="PERM")))+SUMPRODUCT((ISNUMBER(L_Start))*(L_Start<=EOMONTH('Calc'!$K$3,0))*(((L_StatusN="ACTIVE")+((ISNUMBER(L_LWD))*(L_LWD>=EOMONTH('Calc'!$K$3,0))))>0)*((L_TypeN="PERM")))-SUMPRODUCT((ISNUMBER(L_Start))*(L_Start<=EOMONTH('Calc'!$K$3,0))*(((L_StatusN="ACTIVE")+((ISNUMBER(L_LWD))*(L_LWD>=EOMONTH('Calc'!$K$3,0))))>0)*((L_TypeN="PERM"))*(L_InP=1))))) | E11: =IF('Calc'!$H$2+'Calc'!$I$2>0,"Fix header mapping",IF('Calc'!$C$5="","-",IF('Calc'!$K$3="",SUMPRODUCT((P_StatusN="ACTIVE")*(ISNUMBER(P_Start))*(P_Start<=TODAY())*((P_TypeN="PC")))+SUMPRODUCT((L_StatusN="ACTIVE")*(ISNUMBER(L_Start))*(L_Start<=TODAY())*((L_TypeN="PC")))-SUMPRODUCT((L_StatusN="ACTIVE")*(ISNUMBER(L_Start))*(L_Start<=TODAY())*((L_TypeN="PC"))*(L_InP=1)),SUMPRODUCT((ISNUMBER(P_Start))*(P_Start<=EOMONTH('Calc'!$K$3,0))*(((P_StatusN="ACTIVE")+((ISNUMBER(P_LWD))*(P_LWD>=EOMONTH('Calc'!$K$3,0))))>0)*((P_TypeN="PC")))+SUMPRODUCT((ISNUMBER(L_Start))*(L_Start<=EOMONTH('Calc'!$K$3,0))*(((L_StatusN="ACTIVE")+((ISNUMBER(L_LWD))*(L_LWD>=EOMONTH('Calc'!$K$3,0))))>0)*((L_TypeN="PC")))-SUMPRODUCT((ISNUMBER(L_Start))*(L_Start<=EOMONTH('Calc'!$K$3,0))*(((L_StatusN="ACTIVE")+((ISNUMBER(L_LWD))*(L_LWD>=EOMONTH('Calc'!$K$3,0))))>0)*((L_TypeN="PC"))*(L_InP=1))))) | H11: =IF('Calc'!$H$2+'Calc'!$I$2>0,"Fix header mapping",IF('Calc'!$C$5="","-",IF('Calc'!$K$3="",SUMPRODUCT((P_StatusN="ACTIVE")*(ISNUMBER(P_Start))*(P_Start<=TODAY())*((P_TypeN="MS")))+SUMPRODUCT((L_StatusN="ACTIVE")*(ISNUMBER(L_Start))*(L_Start<=TODAY())*((L_TypeN="MS")))-SUMPRODUCT((L_StatusN="ACTIVE")*(ISNUMBER(L_Start))*(L_Start<=TODAY())*((L_TypeN="MS"))*(L_InP=1)),SUMPRODUCT((ISNUMBER(P_Start))*(P_Start<=EOMONTH('Calc'!$K$3,0))*(((P_StatusN="ACTIVE")+((ISNUMBER(P_LWD))*(P_LWD>=EOMONTH('Calc'!$K$3,0))))>0)*((P_TypeN="MS")))+SUMPRODUCT((ISNUMBER(L_Start))*(L_Start<=EOMONTH('Calc'!$K$3,0))*(((L_StatusN="ACTIVE")+((ISNUMBER(L_LWD))*(L_LWD>=EOMONTH('Calc'!$K$3,0))))>0)*((L_TypeN="MS")))-SUMPRODUCT((ISNUMBER(L_Start))*(L_Start<=EOMONTH('Calc'!$K$3,0))*(((L_StatusN="ACTIVE")+((ISNUMBER(L_LWD))*(L_LWD>=EOMONTH('Calc'!$K$3,0))))>0)*((L_TypeN="MS"))*(L_InP=1))))) | K11: =IF('Calc'!$H$2+'Calc'!$I$2>0,"Fix header mapping",IF('Calc'!$C$5="","-",IFERROR(INDEX('Monthly Detail'!$D$5:$D$52,MATCH(DATE(YEAR(MAX(P_LWD,L_LWD)),MONTH(MAX(P_LWD,L_LWD)),1),'Calc'!$C$5:$C$52,0)),"-")))
K33: Data Overview
K34: ="Data_Profile rows: "&TEXT(SUMPRODUCT(--(P_ID<>"")),"0")&" | Data_Leavers rows: "&TEXT(SUMPRODUCT(--(L_ID<>"")),"0")
K35: ="Profile rows with Last Work Day (leavers): "&TEXT(SUMPRODUCT((P_ID<>"")*ISNUMBER(P_LWD)),"0")
K36: ="Leavers also present in Profile (auto-deduplicated): "&TEXT(SUMPRODUCT(--(L_InP=1)),"0")
K37: =IFERROR("Date anomalies: Profile "&TEXT(SUMPRODUCT((P_ID<>"")*(P_Start<>"")*(ISNUMBER(P_Start)=FALSE)),"0")&" start / "&TEXT(SUMPRODUCT((P_ID<>"")*(P_LWD<>"")*(ISNUMBER(P_LWD)=FALSE)),"0")&" LWD | "&"Leavers "&TEXT(SUMPRODUCT((L_ID<>"")*(L_Start<>"")*(ISNUMBER(L_Start)=FALSE)),"0")&" / "&TEXT(SUMPRODUCT((L_ID<>"")*(L_LWD<>"")*(ISNUMBER(L_LWD)=FALSE)),"0")&" LWD","Pending header mapping fix")
K38: ="Inactive rows without Last Work Day (cannot be placed in a month): "&TEXT(SUMPRODUCT((P_StatusN="INACTIVE")*(P_LWD=""))+SUMPRODUCT((L_StatusN="INACTIVE")*(L_LWD="")),"0")
K39: ="Latest data month: "&IF('Calc'!$C$5="","-",TEXT(EOMONTH(MAX(P_Start,P_LWD,L_Start,L_LWD),0),"yyyy-mm"))
K40: Rules: an employee counts as active through their Last Work Day; Data_Leavers rows without Last Work Day are excluded from headcount; Contract End Date is reserved. See the Guide sheet.
B52: Paste data into Data_Profile / Data_Leavers and the dashboard recalculates automatically (Ctrl+Alt+F9 forces a full recalc). Calculation rules and header mapping: see the Guide sheet.

Sheet Monthly Detail
B2: Monthly Turnover Detail (linked to the Dashboard filter)
B3: Rules: Headcount EOM = employed at month end (the Last Work Day itself counts as an active day); Leavers = Status Inactive with Last Work Day in that month; Joiners = start date in that month. C/D/H follow the Dashboard filter; Perm/PC/MS columns always show the full breakdown; 48 months from the earliest start date.
B4: Month | C4: Headcount EOM (filtered) | D4: Leavers (filtered) | E4: Perm Leavers | F4: PC Leavers | G4: MS Leavers | H4: Joiners (filtered) | J4: Type | K4: Current Headcount
B5: =IF('Calc'!$H$2+'Calc'!$I$2>0,"",IF('Calc'!$C5="","",TEXT('Calc'!$C5,"yyyy-mm"))) | C5: =IF('Calc'!$H$2+'Calc'!$I$2>0,"",IF('Calc'!$C5="","",SUMPRODUCT((ISNUMBER(P_Start))*(P_Start<=EOMONTH('Calc'!$C5,0))*(((P_StatusN="ACTIVE")+((ISNUMBER(P_LWD))*(P_LWD>=EOMONTH('Calc'!$C5,0))))>0)*((P_TypeN=UPPER(FiltCat))+(FiltCat="All")))+SUMPRODUCT((ISNUMBER(L_Start))*(L_Start<=EOMONTH('Calc'!$C5,0))*(((L_StatusN="ACTIVE")+((ISNUMBER(L_LWD))*(L_LWD>=EOMONTH('Calc'!$C5,0))))>0)*((L_TypeN=UPPER(FiltCat))+(FiltCat="All")))-SUMPRODUCT((ISNUMBER(L_Start))*(L_Start<=EOMONTH('Calc'!$C5,0))*(((L_StatusN="ACTIVE")+((ISNUMBER(L_LWD))*(L_LWD>=EOMONTH('Calc'!$C5,0))))>0)*((L_TypeN=UPPER(FiltCat))+(FiltCat="All"))*(L_InP=1)))) | D5: =IF('Calc'!$H$2+'Calc'!$I$2>0,"",IF('Calc'!$C5="","",SUMPRODUCT((P_StatusN="INACTIVE")*(ISNUMBER(P_LWD))*(P_LWD>='Calc'!$C5)*(P_LWD<EDATE('Calc'!$C5,1))*((P_TypeN=UPPER(FiltCat))+(FiltCat="All")))+SUMPRODUCT((L_StatusN="INACTIVE")*(ISNUMBER(L_LWD))*(L_LWD>='Calc'!$C5)*(L_LWD<EDATE('Calc'!$C5,1))*((L_TypeN=UPPER(FiltCat))+(FiltCat="All")))-SUMPRODUCT((L_StatusN="INACTIVE")*(ISNUMBER(L_LWD))*(L_LWD>='Calc'!$C5)*(L_LWD<EDATE('Calc'!$C5,1))*((L_TypeN=UPPER(FiltCat))+(FiltCat="All"))*(L_InP=1)*(L_TwinIna=1)))) | E5: =IF('Calc'!$H$2+'Calc'!$I$2>0,"",IF('Calc'!$C5="","",SUMPRODUCT((P_StatusN="INACTIVE")*(ISNUMBER(P_LWD))*(P_LWD>='Calc'!$C5)*(P_LWD<EDATE('Calc'!$C5,1))*((P_TypeN="PERM")))+SUMPRODUCT((L_StatusN="INACTIVE")*(ISNUMBER(L_LWD))*(L_LWD>='Calc'!$C5)*(L_LWD<EDATE('Calc'!$C5,1))*((L_TypeN="PERM")))-SUMPRODUCT((L_StatusN="INACTIVE")*(ISNUMBER(L_LWD))*(L_LWD>='Calc'!$C5)*(L_LWD<EDATE('Calc'!$C5,1))*((L_TypeN="PERM"))*(L_InP=1)*(L_TwinIna=1)))) | F5: =IF('Calc'!$H$2+'Calc'!$I$2>0,"",IF('Calc'!$C5="","",SUMPRODUCT((P_StatusN="INACTIVE")*(ISNUMBER(P_LWD))*(P_LWD>='Calc'!$C5)*(P_LWD<EDATE('Calc'!$C5,1))*((P_TypeN="PC")))+SUMPRODUCT((L_StatusN="INACTIVE")*(ISNUMBER(L_LWD))*(L_LWD>='Calc'!$C5)*(L_LWD<EDATE('Calc'!$C5,1))*((L_TypeN="PC")))-SUMPRODUCT((L_StatusN="INACTIVE")*(ISNUMBER(L_LWD))*(L_LWD>='Calc'!$C5)*(L_LWD<EDATE('Calc'!$C5,1))*((L_TypeN="PC"))*(L_InP=1)*(L_TwinIna=1)))) | G5: =IF('Calc'!$H$2+'Calc'!$I$2>0,"",IF('Calc'!$C5="","",SUMPRODUCT((P_StatusN="INACTIVE")*(ISNUMBER(P_LWD))*(P_LWD>='Calc'!$C5)*(P_LWD<EDATE('Calc'!$C5,1))*((P_TypeN="MS")))+SUMPRODUCT((L_StatusN="INACTIVE")*(ISNUMBER(L_LWD))*(L_LWD>='Calc'!$C5)*(L_LWD<EDATE('Calc'!$C5,1))*((L_TypeN="MS")))-SUMPRODUCT((L_StatusN="INACTIVE")*(ISNUMBER(L_LWD))*(L_LWD>='Calc'!$C5)*(L_LWD<EDATE('Calc'!$C5,1))*((L_TypeN="MS"))*(L_InP=1)*(L_TwinIna=1)))) | H5: =IF('Calc'!$H$2+'Calc'!$I$2>0,"",IF('Calc'!$C5="","",SUMPRODUCT((ISNUMBER(P_Start))*(P_Start>='Calc'!$C5)*(P_Start<EDATE('Calc'!$C5,1))*((P_TypeN=UPPER(FiltCat))+(FiltCat="All")))+SUMPRODUCT((ISNUMBER(L_Start))*(L_Start>='Calc'!$C5)*(L_Start<EDATE('Calc'!$C5,1))*((L_TypeN=UPPER(FiltCat))+(FiltCat="All")))-SUMPRODUCT((ISNUMBER(L_Start))*(L_Start>='Calc'!$C5)*(L_Start<EDATE('Calc'!$C5,1))*((L_TypeN=UPPER(FiltCat))+(FiltCat="All"))*(L_InP=1)))) | J5: Perm | K5: ='Dashboard'!B$11
B6: =IF('Calc'!$H$2+'Calc'!$I$2>0,"",IF('Calc'!$C6="","",TEXT('Calc'!$C6,"yyyy-mm"))) | C6: =IF('Calc'!$H$2+'Calc'!$I$2>0,"",IF('Calc'!$C6="","",SUMPRODUCT((ISNUMBER(P_Start))*(P_Start<=EOMONTH('Calc'!$C6,0))*(((P_StatusN="ACTIVE")+((ISNUMBER(P_LWD))*(P_LWD>=EOMONTH('Calc'!$C6,0))))>0)*((P_TypeN=UPPER(FiltCat))+(FiltCat="All")))+SUMPRODUCT((ISNUMBER(L_Start))*(L_Start<=EOMONTH('Calc'!$C6,0))*(((L_StatusN="ACTIVE")+((ISNUMBER(L_LWD))*(L_LWD>=EOMONTH('Calc'!$C6,0))))>0)*((L_TypeN=UPPER(FiltCat))+(FiltCat="All")))-SUMPRODUCT((ISNUMBER(L_Start))*(L_Start<=EOMONTH('Calc'!$C6,0))*(((L_StatusN="ACTIVE")+((ISNUMBER(L_LWD))*(L_LWD>=EOMONTH('Calc'!$C6,0))))>0)*((L_TypeN=UPPER(FiltCat))+(FiltCat="All"))*(L_InP=1)))) | D6: =IF('Calc'!$H$2+'Calc'!$I$2>0,"",IF('Calc'!$C6="","",SUMPRODUCT((P_StatusN="INACTIVE")*(ISNUMBER(P_LWD))*(P_LWD>='Calc'!$C6)*(P_LWD<EDATE('Calc'!$C6,1))*((P_TypeN=UPPER(FiltCat))+(FiltCat="All")))+SUMPRODUCT((L_StatusN="INACTIVE")*(ISNUMBER(L_LWD))*(L_LWD>='Calc'!$C6)*(L_LWD<EDATE('Calc'!$C6,1))*((L_TypeN=UPPER(FiltCat))+(FiltCat="All")))-SUMPRODUCT((L_StatusN="INACTIVE")*(ISNUMBER(L_LWD))*(L_LWD>='Calc'!$C6)*(L_LWD<EDATE('Calc'!$C6,1))*((L_TypeN=UPPER(FiltCat))+(FiltCat="All"))*(L_InP=1)*(L_TwinIna=1)))) | E6: =IF('Calc'!$H$2+'Calc'!$I$2>0,"",IF('Calc'!$C6="","",SUMPRODUCT((P_StatusN="INACTIVE")*(ISNUMBER(P_LWD))*(P_LWD>='Calc'!$C6)*(P_LWD<EDATE('Calc'!$C6,1))*((P_TypeN="PERM")))+SUMPRODUCT((L_StatusN="INACTIVE")*(ISNUMBER(L_LWD))*(L_LWD>='Calc'!$C6)*(L_LWD<EDATE('Calc'!$C6,1))*((L_TypeN="PERM")))-SUMPRODUCT((L_StatusN="INACTIVE")*(ISNUMBER(L_LWD))*(L_LWD>='Calc'!$C6)*(L_LWD<EDATE('Calc'!$C6,1))*((L_TypeN="PERM"))*(L_InP=1)*(L_TwinIna=1)))) | F6: =IF('Calc'!$H$2+'Calc'!$I$2>0,"",IF('Calc'!$C6="","",SUMPRODUCT((P_StatusN="INACTIVE")*(ISNUMBER(P_LWD))*(P_LWD>='Calc'!$C6)*(P_LWD<EDATE('Calc'!$C6,1))*((P_TypeN="PC")))+SUMPRODUCT((L_StatusN="INACTIVE")*(ISNUMBER(L_LWD))*(L_LWD>='Calc'!$C6)*(L_LWD<EDATE('Calc'!$C6,1))*((L_TypeN="PC")))-SUMPRODUCT((L_StatusN="INACTIVE")*(ISNUMBER(L_LWD))*(L_LWD>='Calc'!$C6)*(L_LWD<EDATE('Calc'!$C6,1))*((L_TypeN="PC"))*(L_InP=1)*(L_TwinIna=1)))) | G6: =IF('Calc'!$H$2+'Calc'!$I$2>0,"",IF('Calc'!$C6="","",SUMPRODUCT((P_StatusN="INACTIVE")*(ISNUMBER(P_LWD))*(P_LWD>='Calc'!$C6)*(P_LWD<EDATE('Calc'!$C6,1))*((P_TypeN="MS")))+SUMPRODUCT((L_StatusN="INACTIVE")*(ISNUMBER(L_LWD))*(L_LWD>='Calc'!$C6)*(L_LWD<EDATE('Calc'!$C6,1))*((L_TypeN="MS")))-SUMPRODUCT((L_StatusN="INACTIVE")*(ISNUMBER(L_LWD))*(L_LWD>='Calc'!$C6)*(L_LWD<EDATE('Calc'!$C6,1))*((L_TypeN="MS"))*(L_InP=1)*(L_TwinIna=1)))) | H6: =IF('Calc'!$H$2+'Calc'!$I$2>0,"",IF('Calc'!$C6="","",SUMPRODUCT((ISNUMBER(P_Start))*(P_Start>='Calc'!$C6)*(P_Start<EDATE('Calc'!$C6,1))*((P_TypeN=UPPER(FiltCat))+(FiltCat="All")))+SUMPRODUCT((ISNUMBER(L_Start))*(L_Start>='Calc'!$C6)*(L_Start<EDATE('Calc'!$C6,1))*((L_TypeN=UPPER(FiltCat))+(FiltCat="All")))-SUMPRODUCT((ISNUMBER(L_Start))*(L_Start>='Calc'!$C6)*(L_Start<EDATE('Calc'!$C6,1))*((L_TypeN=UPPER(FiltCat))+(FiltCat="All"))*(L_InP=1)))) | J6: PC | K6: ='Dashboard'!E$11
B7: =IF('Calc'!$H$2+'Calc'!$I$2>0,"",IF('Calc'!$C7="","",TEXT('Calc'!$C7,"yyyy-mm"))) | C7: =IF('Calc'!$H$2+'Calc'!$I$2>0,"",IF('Calc'!$C7="","",SUMPRODUCT((ISNUMBER(P_Start))*(P_Start<=EOMONTH('Calc'!$C7,0))*(((P_StatusN="ACTIVE")+((ISNUMBER(P_LWD))*(P_LWD>=EOMONTH('Calc'!$C7,0))))>0)*((P_TypeN=UPPER(FiltCat))+(FiltCat="All")))+SUMPRODUCT((ISNUMBER(L_Start))*(L_Start<=EOMONTH('Calc'!$C7,0))*(((L_StatusN="ACTIVE")+((ISNUMBER(L_LWD))*(L_LWD>=EOMONTH('Calc'!$C7,0))))>0)*((L_TypeN=UPPER(FiltCat))+(FiltCat="All")))-SUMPRODUCT((ISNUMBER(L_Start))*(L_Start<=EOMONTH('Calc'!$C7,0))*(((L_StatusN="ACTIVE")+((ISNUMBER(L_LWD))*(L_LWD>=EOMONTH('Calc'!$C7,0))))>0)*((L_TypeN=UPPER(FiltCat))+(FiltCat="All"))*(L_InP=1)))) | D7: =IF('Calc'!$H$2+'Calc'!$I$2>0,"",IF('Calc'!$C7="","",SUMPRODUCT((P_StatusN="INACTIVE")*(ISNUMBER(P_LWD))*(P_LWD>='Calc'!$C7)*(P_LWD<EDATE('Calc'!$C7,1))*((P_TypeN=UPPER(FiltCat))+(FiltCat="All")))+SUMPRODUCT((L_StatusN="INACTIVE")*(ISNUMBER(L_LWD))*(L_LWD>='Calc'!$C7)*(L_LWD<EDATE('Calc'!$C7,1))*((L_TypeN=UPPER(FiltCat))+(FiltCat="All")))-SUMPRODUCT((L_StatusN="INACTIVE")*(ISNUMBER(L_LWD))*(L_LWD>='Calc'!$C7)*(L_LWD<EDATE('Calc'!$C7,1))*((L_TypeN=UPPER(FiltCat))+(FiltCat="All"))*(L_InP=1)*(L_TwinIna=1)))) | E7: =IF('Calc'!$H$2+'Calc'!$I$2>0,"",IF('Calc'!$C7="","",SUMPRODUCT((P_StatusN="INACTIVE")*(ISNUMBER(P_LWD))*(P_LWD>='Calc'!$C7)*(P_LWD<EDATE('Calc'!$C7,1))*((P_TypeN="PERM")))+SUMPRODUCT((L_StatusN="INACTIVE")*(ISNUMBER(L_LWD))*(L_LWD>='Calc'!$C7)*(L_LWD<EDATE('Calc'!$C7,1))*((L_TypeN="PERM")))-SUMPRODUCT((L_StatusN="INACTIVE")*(ISNUMBER(L_LWD))*(L_LWD>='Calc'!$C7)*(L_LWD<EDATE('Calc'!$C7,1))*((L_TypeN="PERM"))*(L_InP=1)*(L_TwinIna=1)))) | F7: =IF('Calc'!$H$2+'Calc'!$I$2>0,"",IF('Calc'!$C7="","",SUMPRODUCT((P_StatusN="INACTIVE")*(ISNUMBER(P_LWD))*(P_LWD>='Calc'!$C7)*(P_LWD<EDATE('Calc'!$C7,1))*((P_TypeN="PC")))+SUMPRODUCT((L_StatusN="INACTIVE")*(ISNUMBER(L_LWD))*(L_LWD>='Calc'!$C7)*(L_LWD<EDATE('Calc'!$C7,1))*((L_TypeN="PC")))-SUMPRODUCT((L_StatusN="INACTIVE")*(ISNUMBER(L_LWD))*(L_LWD>='Calc'!$C7)*(L_LWD<EDATE('Calc'!$C7,1))*((L_TypeN="PC"))*(L_InP=1)*(L_TwinIna=1)))) | G7: =IF('Calc'!$H$2+'Calc'!$I$2>0,"",IF('Calc'!$C7="","",SUMPRODUCT((P_StatusN="INACTIVE")*(ISNUMBER(P_LWD))*(P_LWD>='Calc'!$C7)*(P_LWD<EDATE('Calc'!$C7,1))*((P_TypeN="MS")))+SUMPRODUCT((L_StatusN="INACTIVE")*(ISNUMBER(L_LWD))*(L_LWD>='Calc'!$C7)*(L_LWD<EDATE('Calc'!$C7,1))*((L_TypeN="MS")))-SUMPRODUCT((L_StatusN="INACTIVE")*(ISNUMBER(L_LWD))*(L_LWD>='Calc'!$C7)*(L_LWD<EDATE('Calc'!$C7,1))*((L_TypeN="MS"))*(L_InP=1)*(L_TwinIna=1)))) | H7: =IF('Calc'!$H$2+'Calc'!$I$2>0,"",IF('Calc'!$C7="","",SUMPRODUCT((ISNUMBER(P_Start))*(P_Start>='Calc'!$C7)*(P_Start<EDATE('Calc'!$C7,1))*((P_TypeN=UPPER(FiltCat))+(FiltCat="All")))+SUMPRODUCT((ISNUMBER(L_Start))*(L_Start>='Calc'!$C7)*(L_Start<EDATE('Calc'!$C7,1))*((L_TypeN=UPPER(FiltCat))+(FiltCat="All")))-SUMPRODUCT((ISNUMBER(L_Start))*(L_Start>='Calc'!$C7)*(L_Start<EDATE('Calc'!$C7,1))*((L_TypeN=UPPER(FiltCat))+(FiltCat="All"))*(L_InP=1)))) | J7: MS | K7: ='Dashboard'!H$11
B8: =IF('Calc'!$H$2+'Calc'!$I$2>0,"",IF('Calc'!$C8="","",TEXT('Calc'!$C8,"yyyy-mm"))) | C8: =IF('Calc'!$H$2+'Calc'!$I$2>0,"",IF('Calc'!$C8="","",SUMPRODUCT((ISNUMBER(P_Start))*(P_Start<=EOMONTH('Calc'!$C8,0))*(((P_StatusN="ACTIVE")+((ISNUMBER(P_LWD))*(P_LWD>=EOMONTH('Calc'!$C8,0))))>0)*((P_TypeN=UPPER(FiltCat))+(FiltCat="All")))+SUMPRODUCT((ISNUMBER(L_Start))*(L_Start<=EOMONTH('Calc'!$C8,0))*(((L_StatusN="ACTIVE")+((ISNUMBER(L_LWD))*(L_LWD>=EOMONTH('Calc'!$C8,0))))>0)*((L_TypeN=UPPER(FiltCat))+(FiltCat="All")))-SUMPRODUCT((ISNUMBER(L_Start))*(L_Start<=EOMONTH('Calc'!$C8,0))*(((L_StatusN="ACTIVE")+((ISNUMBER(L_LWD))*(L_LWD>=EOMONTH('Calc'!$C8,0))))>0)*((L_TypeN=UPPER(FiltCat))+(FiltCat="All"))*(L_InP=1)))) | D8: =IF('Calc'!$H$2+'Calc'!$I$2>0,"",IF('Calc'!$C8="","",SUMPRODUCT((P_StatusN="INACTIVE")*(ISNUMBER(P_LWD))*(P_LWD>='Calc'!$C8)*(P_LWD<EDATE('Calc'!$C8,1))*((P_TypeN=UPPER(FiltCat))+(FiltCat="All")))+SUMPRODUCT((L_StatusN="INACTIVE")*(ISNUMBER(L_LWD))*(L_LWD>='Calc'!$C8)*(L_LWD<EDATE('Calc'!$C8,1))*((L_TypeN=UPPER(FiltCat))+(FiltCat="All")))-SUMPRODUCT((L_StatusN="INACTIVE")*(ISNUMBER(L_LWD))*(L_LWD>='Calc'!$C8)*(L_LWD<EDATE('Calc'!$C8,1))*((L_TypeN=UPPER(FiltCat))+(FiltCat="All"))*(L_InP=1)*(L_TwinIna=1)))) | E8: =IF('Calc'!$H$2+'Calc'!$I$2>0,"",IF('Calc'!$C8="","",SUMPRODUCT((P_StatusN="INACTIVE")*(ISNUMBER(P_LWD))*(P_LWD>='Calc'!$C8)*(P_LWD<EDATE('Calc'!$C8,1))*((P_TypeN="PERM")))+SUMPRODUCT((L_StatusN="INACTIVE")*(ISNUMBER(L_LWD))*(L_LWD>='Calc'!$C8)*(L_LWD<EDATE('Calc'!$C8,1))*((L_TypeN="PERM")))-SUMPRODUCT((L_StatusN="INACTIVE")*(ISNUMBER(L_LWD))*(L_LWD>='Calc'!$C8)*(L_LWD<EDATE('Calc'!$C8,1))*((L_TypeN="PERM"))*(L_InP=1)*(L_TwinIna=1)))) | F8: =IF('Calc'!$H$2+'Calc'!$I$2>0,"",IF('Calc'!$C8="","",SUMPRODUCT((P_StatusN="INACTIVE")*(ISNUMBER(P_LWD))*(P_LWD>='Calc'!$C8)*(P_LWD<EDATE('Calc'!$C8,1))*((P_TypeN="PC")))+SUMPRODUCT((L_StatusN="INACTIVE")*(ISNUMBER(L_LWD))*(L_LWD>='Calc'!$C8)*(L_LWD<EDATE('Calc'!$C8,1))*((L_TypeN="PC")))-SUMPRODUCT((L_StatusN="INACTIVE")*(ISNUMBER(L_LWD))*(L_LWD>='Calc'!$C8)*(L_LWD<EDATE('Calc'!$C8,1))*((L_TypeN="PC"))*(L_InP=1)*(L_TwinIna=1)))) | G8: =IF('Calc'!$H$2+'Calc'!$I$2>0,"",IF('Calc'!$C8="","",SUMPRODUCT((P_StatusN="INACTIVE")*(ISNUMBER(P_LWD))*(P_LWD>='Calc'!$C8)*(P_LWD<EDATE('Calc'!$C8,1))*((P_TypeN="MS")))+SUMPRODUCT((L_StatusN="INACTIVE")*(ISNUMBER(L_LWD))*(L_LWD>='Calc'!$C8)*(L_LWD<EDATE('Calc'!$C8,1))*((L_TypeN="MS")))-SUMPRODUCT((L_StatusN="INACTIVE")*(ISNUMBER(L_LWD))*(L_LWD>='Calc'!$C8)*(L_LWD<EDATE('Calc'!$C8,1))*((L_TypeN="MS"))*(L_InP=1)*(L_TwinIna=1)))) | H8: =IF('Calc'!$H$2+'Calc'!$I$2>0,"",IF('Calc'!$C8="","",SUMPRODUCT((ISNUMBER(P_Start))*(P_Start>='Calc'!$C8)*(P_Start<EDATE('Calc'!$C8,1))*((P_TypeN=UPPER(FiltCat))+(FiltCat="All")))+SUMPRODUCT((ISNUMBER(L_Start))*(L_Start>='Calc'!$C8)*(L_Start<EDATE('Calc'!$C8,1))*((L_TypeN=UPPER(FiltCat))+(FiltCat="All")))-SUMPRODUCT((ISNUMBER(L_Start))*(L_Start>='Calc'!$C8)*(L_Start<EDATE('Calc'!$C8,1))*((L_TypeN=UPPER(FiltCat))+(FiltCat="All"))*(L_InP=1)))) | J8: Total | K8: =SUM(K5:K7)
B9: =IF('Calc'!$H$2+'Calc'!$I$2>0,"",IF('Calc'!$C9="","",TEXT('Calc'!$C9,"yyyy-mm"))) | C9: =IF('Calc'!$H$2+'Calc'!$I$2>0,"",IF('Calc'!$C9="","",SUMPRODUCT((ISNUMBER(P_Start))*(P_Start<=EOMONTH('Calc'!$C9,0))*(((P_StatusN="ACTIVE")+((ISNUMBER(P_LWD))*(P_LWD>=EOMONTH('Calc'!$C9,0))))>0)*((P_TypeN=UPPER(FiltCat))+(FiltCat="All")))+SUMPRODUCT((ISNUMBER(L_Start))*(L_Start<=EOMONTH('Calc'!$C9,0))*(((L_StatusN="ACTIVE")+((ISNUMBER(L_LWD))*(L_LWD>=EOMONTH('Calc'!$C9,0))))>0)*((L_TypeN=UPPER(FiltCat))+(FiltCat="All")))-SUMPRODUCT((ISNUMBER(L_Start))*(L_Start<=EOMONTH('Calc'!$C9,0))*(((L_StatusN="ACTIVE")+((ISNUMBER(L_LWD))*(L_LWD>=EOMONTH('Calc'!$C9,0))))>0)*((L_TypeN=UPPER(FiltCat))+(FiltCat="All"))*(L_InP=1)))) | D9: =IF('Calc'!$H$2+'Calc'!$I$2>0,"",IF('Calc'!$C9="","",SUMPRODUCT((P_StatusN="INACTIVE")*(ISNUMBER(P_LWD))*(P_LWD>='Calc'!$C9)*(P_LWD<EDATE('Calc'!$C9,1))*((P_TypeN=UPPER(FiltCat))+(FiltCat="All")))+SUMPRODUCT((L_StatusN="INACTIVE")*(ISNUMBER(L_LWD))*(L_LWD>='Calc'!$C9)*(L_LWD<EDATE('Calc'!$C9,1))*((L_TypeN=UPPER(FiltCat))+(FiltCat="All")))-SUMPRODUCT((L_StatusN="INACTIVE")*(ISNUMBER(L_LWD))*(L_LWD>='Calc'!$C9)*(L_LWD<EDATE('Calc'!$C9,1))*((L_TypeN=UPPER(FiltCat))+(FiltCat="All"))*(L_InP=1)*(L_TwinIna=1)))) | E9: =IF('Calc'!$H$2+'Calc'!$I$2>0,"",IF('Calc'!$C9="","",SUMPRODUCT((P_StatusN="INACTIVE")*(ISNUMBER(P_LWD))*(P_LWD>='Calc'!$C9)*(P_LWD<EDATE('Calc'!$C9,1))*((P_TypeN="PERM")))+SUMPRODUCT((L_StatusN="INACTIVE")*(ISNUMBER(L_LWD))*(L_LWD>='Calc'!$C9)*(L_LWD<EDATE('Calc'!$C9,1))*((L_TypeN="PERM")))-SUMPRODUCT((L_StatusN="INACTIVE")*(ISNUMBER(L_LWD))*(L_LWD>='Calc'!$C9)*(L_LWD<EDATE('Calc'!$C9,1))*((L_TypeN="PERM"))*(L_InP=1)*(L_TwinIna=1)))) | F9: =IF('Calc'!$H$2+'Calc'!$I$2>0,"",IF('Calc'!$C9="","",SUMPRODUCT((P_StatusN="INACTIVE")*(ISNUMBER(P_LWD))*(P_LWD>='Calc'!$C9)*(P_LWD<EDATE('Calc'!$C9,1))*((P_TypeN="PC")))+SUMPRODUCT((L_StatusN="INACTIVE")*(ISNUMBER(L_LWD))*(L_LWD>='Calc'!$C9)*(L_LWD<EDATE('Calc'!$C9,1))*((L_TypeN="PC")))-SUMPRODUCT((L_StatusN="INACTIVE")*(ISNUMBER(L_LWD))*(L_LWD>='Calc'!$C9)*(L_LWD<EDATE('Calc'!$C9,1))*((L_TypeN="PC"))*(L_InP=1)*(L_TwinIna=1)))) | G9: =IF('Calc'!$H$2+'Calc'!$I$2>0,"",IF('Calc'!$C9="","",SUMPRODUCT((P_StatusN="INACTIVE")*(ISNUMBER(P_LWD))*(P_LWD>='Calc'!$C9)*(P_LWD<EDATE('Calc'!$C9,1))*((P_TypeN="MS")))+SUMPRODUCT((L_StatusN="INACTIVE")*(ISNUMBER(L_LWD))*(L_LWD>='Calc'!$C9)*(L_LWD<EDATE('Calc'!$C9,1))*((L_TypeN="MS")))-SUMPRODUCT((L_StatusN="INACTIVE")*(ISNUMBER(L_LWD))*(L_LWD>='Calc'!$C9)*(L_LWD<EDATE('Calc'!$C9,1))*((L_TypeN="MS"))*(L_InP=1)*(L_TwinIna=1)))) | H9: =IF('Calc'!$H$2+'Calc'!$I$2>0,"",IF('Calc'!$C9="","",SUMPRODUCT((ISNUMBER(P_Start))*(P_Start>='Calc'!$C9)*(P_Start<EDATE('Calc'!$C9,1))*((P_TypeN=UPPER(FiltCat))+(FiltCat="All")))+SUMPRODUCT((ISNUMBER(L_Start))*(L_Start>='Calc'!$C9)*(L_Start<EDATE('Calc'!$C9,1))*((L_TypeN=UPPER(FiltCat))+(FiltCat="All")))-SUMPRODUCT((ISNUMBER(L_Start))*(L_Start>='Calc'!$C9)*(L_Start<EDATE('Calc'!$C9,1))*((L_TypeN=UPPER(FiltCat))+(FiltCat="All"))*(L_InP=1))))
B10: =IF('Calc'!$H$2+'Calc'!$I$2>0,"",IF('Calc'!$C10="","",TEXT('Calc'!$C10,"yyyy-mm"))) | C10: =IF('Calc'!$H$2+'Calc'!$I$2>0,"",IF('Calc'!$C10="","",SUMPRODUCT((ISNUMBER(P_Start))*(P_Start<=EOMONTH('Calc'!$C10,0))*(((P_StatusN="ACTIVE")+((ISNUMBER(P_LWD))*(P_LWD>=EOMONTH('Calc'!$C10,0))))>0)*((P_TypeN=UPPER(FiltCat))+(FiltCat="All")))+SUMPRODUCT((ISNUMBER(L_Start))*(L_Start<=EOMONTH('Calc'!$C10,0))*(((L_StatusN="ACTIVE")+((ISNUMBER(L_LWD))*(L_LWD>=EOMONTH('Calc'!$C10,0))))>0)*((L_TypeN=UPPER(FiltCat))+(FiltCat="All")))-SUMPRODUCT((ISNUMBER(L_Start))*(L_Start<=EOMONTH('Calc'!$C10,0))*(((L_StatusN="ACTIVE")+((ISNUMBER(L_LWD))*(L_LWD>=EOMONTH('Calc'!$C10,0))))>0)*((L_TypeN=UPPER(FiltCat))+(FiltCat="All"))*(L_InP=1)))) | D10: =IF('Calc'!$H$2+'Calc'!$I$2>0,"",IF('Calc'!$C10="","",SUMPRODUCT((P_StatusN="INACTIVE")*(ISNUMBER(P_LWD))*(P_LWD>='Calc'!$C10)*(P_LWD<EDATE('Calc'!$C10,1))*((P_TypeN=UPPER(FiltCat))+(FiltCat="All")))+SUMPRODUCT((L_StatusN="INACTIVE")*(ISNUMBER(L_LWD))*(L_LWD>='Calc'!$C10)*(L_LWD<EDATE('Calc'!$C10,1))*((L_TypeN=UPPER(FiltCat))+(FiltCat="All")))-SUMPRODUCT((L_StatusN="INACTIVE")*(ISNUMBER(L_LWD))*(L_LWD>='Calc'!$C10)*(L_LWD<EDATE('Calc'!$C10,1))*((L_TypeN=UPPER(FiltCat))+(FiltCat="All"))*(L_InP=1)*(L_TwinIna=1)))) | E10: =IF('Calc'!$H$2+'Calc'!$I$2>0,"",IF('Calc'!$C10="","",SUMPRODUCT((P_StatusN="INACTIVE")*(ISNUMBER(P_LWD))*(P_LWD>='Calc'!$C10)*(P_LWD<EDATE('Calc'!$C10,1))*((P_TypeN="PERM")))+SUMPRODUCT((L_StatusN="INACTIVE")*(ISNUMBER(L_LWD))*(L_LWD>='Calc'!$C10)*(L_LWD<EDATE('Calc'!$C10,1))*((L_TypeN="PERM")))-SUMPRODUCT((L_StatusN="INACTIVE")*(ISNUMBER(L_LWD))*(L_LWD>='Calc'!$C10)*(L_LWD<EDATE('Calc'!$C10,1))*((L_TypeN="PERM"))*(L_InP=1)*(L_TwinIna=1)))) | F10: =IF('Calc'!$H$2+'Calc'!$I$2>0,"",IF('Calc'!$C10="","",SUMPRODUCT((P_StatusN="INACTIVE")*(ISNUMBER(P_LWD))*(P_LWD>='Calc'!$C10)*(P_LWD<EDATE('Calc'!$C10,1))*((P_TypeN="PC")))+SUMPRODUCT((L_StatusN="INACTIVE")*(ISNUMBER(L_LWD))*(L_LWD>='Calc'!$C10)*(L_LWD<EDATE('Calc'!$C10,1))*((L_TypeN="PC")))-SUMPRODUCT((L_StatusN="INACTIVE")*(ISNUMBER(L_LWD))*(L_LWD>='Calc'!$C10)*(L_LWD<EDATE('Calc'!$C10,1))*((L_TypeN="PC"))*(L_InP=1)*(L_TwinIna=1)))) | G10: =IF('Calc'!$H$2+'Calc'!$I$2>0,"",IF('Calc'!$C10="","",SUMPRODUCT((P_StatusN="INACTIVE")*(ISNUMBER(P_LWD))*(P_LWD>='Calc'!$C10)*(P_LWD<EDATE('Calc'!$C10,1))*((P_TypeN="MS")))+SUMPRODUCT((L_StatusN="INACTIVE")*(ISNUMBER(L_LWD))*(L_LWD>='Calc'!$C10)*(L_LWD<EDATE('Calc'!$C10,1))*((L_TypeN="MS")))-SUMPRODUCT((L_StatusN="INACTIVE")*(ISNUMBER(L_LWD))*(L_LWD>='Calc'!$C10)*(L_LWD<EDATE('Calc'!$C10,1))*((L_TypeN="MS"))*(L_InP=1)*(L_TwinIna=1)))) | H10: =IF('Calc'!$H$2+'Calc'!$I$2>0,"",IF('Calc'!$C10="","",SUMPRODUCT((ISNUMBER(P_Start))*(P_Start>='Calc'!$C10)*(P_Start<EDATE('Calc'!$C10,1))*((P_TypeN=UPPER(FiltCat))+(FiltCat="All")))+SUMPRODUCT((ISNUMBER(L_Start))*(L_Start>='Calc'!$C10)*(L_Start<EDATE('Calc'!$C10,1))*((L_TypeN=UPPER(FiltCat))+(FiltCat="All")))-SUMPRODUCT((ISNUMBER(L_Start))*(L_Start>='Calc'!$C10)*(L_Start<EDATE('Calc'!$C10,1))*((L_TypeN=UPPER(FiltCat))+(FiltCat="All"))*(L_InP=1)))) | J10: Referenced by the pie chart - do not delete
B11: =IF('Calc'!$H$2+'Calc'!$I$2>0,"",IF('Calc'!$C11="","",TEXT('Calc'!$C11,"yyyy-mm"))) | C11: =IF('Calc'!$H$2+'Calc'!$I$2>0,"",IF('Calc'!$C11="","",SUMPRODUCT((ISNUMBER(P_Start))*(P_Start<=EOMONTH('Calc'!$C11,0))*(((P_StatusN="ACTIVE")+((ISNUMBER(P_LWD))*(P_LWD>=EOMONTH('Calc'!$C11,0))))>0)*((P_TypeN=UPPER(FiltCat))+(FiltCat="All")))+SUMPRODUCT((ISNUMBER(L_Start))*(L_Start<=EOMONTH('Calc'!$C11,0))*(((L_StatusN="ACTIVE")+((ISNUMBER(L_LWD))*(L_LWD>=EOMONTH('Calc'!$C11,0))))>0)*((L_TypeN=UPPER(FiltCat))+(FiltCat="All")))-SUMPRODUCT((ISNUMBER(L_Start))*(L_Start<=EOMONTH('Calc'!$C11,0))*(((L_StatusN="ACTIVE")+((ISNUMBER(L_LWD))*(L_LWD>=EOMONTH('Calc'!$C11,0))))>0)*((L_TypeN=UPPER(FiltCat))+(FiltCat="All"))*(L_InP=1)))) | D11: =IF('Calc'!$H$2+'Calc'!$I$2>0,"",IF('Calc'!$C11="","",SUMPRODUCT((P_StatusN="INACTIVE")*(ISNUMBER(P_LWD))*(P_LWD>='Calc'!$C11)*(P_LWD<EDATE('Calc'!$C11,1))*((P_TypeN=UPPER(FiltCat))+(FiltCat="All")))+SUMPRODUCT((L_StatusN="INACTIVE")*(ISNUMBER(L_LWD))*(L_LWD>='Calc'!$C11)*(L_LWD<EDATE('Calc'!$C11,1))*((L_TypeN=UPPER(FiltCat))+(FiltCat="All")))-SUMPRODUCT((L_StatusN="INACTIVE")*(ISNUMBER(L_LWD))*(L_LWD>='Calc'!$C11)*(L_LWD<EDATE('Calc'!$C11,1))*((L_TypeN=UPPER(FiltCat))+(FiltCat="All"))*(L_InP=1)*(L_TwinIna=1)))) | E11: =IF('Calc'!$H$2+'Calc'!$I$2>0,"",IF('Calc'!$C11="","",SUMPRODUCT((P_StatusN="INACTIVE")*(ISNUMBER(P_LWD))*(P_LWD>='Calc'!$C11)*(P_LWD<EDATE('Calc'!$C11,1))*((P_TypeN="PERM")))+SUMPRODUCT((L_StatusN="INACTIVE")*(ISNUMBER(L_LWD))*(L_LWD>='Calc'!$C11)*(L_LWD<EDATE('Calc'!$C11,1))*((L_TypeN="PERM")))-SUMPRODUCT((L_StatusN="INACTIVE")*(ISNUMBER(L_LWD))*(L_LWD>='Calc'!$C11)*(L_LWD<EDATE('Calc'!$C11,1))*((L_TypeN="PERM"))*(L_InP=1)*(L_TwinIna=1)))) | F11: =IF('Calc'!$H$2+'Calc'!$I$2>0,"",IF('Calc'!$C11="","",SUMPRODUCT((P_StatusN="INACTIVE")*(ISNUMBER(P_LWD))*(P_LWD>='Calc'!$C11)*(P_LWD<EDATE('Calc'!$C11,1))*((P_TypeN="PC")))+SUMPRODUCT((L_StatusN="INACTIVE")*(ISNUMBER(L_LWD))*(L_LWD>='Calc'!$C11)*(L_LWD<EDATE('Calc'!$C11,1))*((L_TypeN="PC")))-SUMPRODUCT((L_StatusN="INACTIVE")*(ISNUMBER(L_LWD))*(L_LWD>='Calc'!$C11)*(L_LWD<EDATE('Calc'!$C11,1))*((L_TypeN="PC"))*(L_InP=1)*(L_TwinIna=1)))) | G11: =IF('Calc'!$H$2+'Calc'!$I$2>0,"",IF('Calc'!$C11="","",SUMPRODUCT((P_StatusN="INACTIVE")*(ISNUMBER(P_LWD))*(P_LWD>='Calc'!$C11)*(P_LWD<EDATE('Calc'!$C11,1))*((P_TypeN="MS")))+SUMPRODUCT((L_StatusN="INACTIVE")*(ISNUMBER(L_LWD))*(L_LWD>='Calc'!$C11)*(L_LWD<EDATE('Calc'!$C11,1))*((L_TypeN="MS")))-SUMPRODUCT((L_StatusN="INACTIVE")*(ISNUMBER(L_LWD))*(L_LWD>='Calc'!$C11)*(L_LWD<EDATE('Calc'!$C11,1))*((L_TypeN="MS"))*(L_InP=1)*(L_TwinIna=1)))) | H11: =IF('Calc'!$H$2+'Calc'!$I$2>0,"",IF('Calc'!$C11="","",SUMPRODUCT((ISNUMBER(P_Start))*(P_Start>='Calc'!$C11)*(P_Start<EDATE('Calc'!$C11,1))*((P_TypeN=UPPER(FiltCat))+(FiltCat="All")))+SUMPRODUCT((ISNUMBER(L_Start))*(L_Start>='Calc'!$C11)*(L_Start<EDATE('Calc'!$C11,1))*((L_TypeN=UPPER(FiltCat))+(FiltCat="All")))-SUMPRODUCT((ISNUMBER(L_Start))*(L_Start>='Calc'!$C11)*(L_Start<EDATE('Calc'!$C11,1))*((L_TypeN=UPPER(FiltCat))+(FiltCat="All"))*(L_InP=1))))
B12: =IF('Calc'!$H$2+'Calc'!$I$2>0,"",IF('Calc'!$C12="","",TEXT('Calc'!$C12,"yyyy-mm"))) | C12: =IF('Calc'!$H$2+'Calc'!$I$2>0,"",IF('Calc'!$C12="","",SUMPRODUCT((ISNUMBER(P_Start))*(P_Start<=EOMONTH('Calc'!$C12,0))*(((P_StatusN="ACTIVE")+((ISNUMBER(P_LWD))*(P_LWD>=EOMONTH('Calc'!$C12,0))))>0)*((P_TypeN=UPPER(FiltCat))+(FiltCat="All")))+SUMPRODUCT((ISNUMBER(L_Start))*(L_Start<=EOMONTH('Calc'!$C12,0))*(((L_StatusN="ACTIVE")+((ISNUMBER(L_LWD))*(L_LWD>=EOMONTH('Calc'!$C12,0))))>0)*((L_TypeN=UPPER(FiltCat))+(FiltCat="All")))-SUMPRODUCT((ISNUMBER(L_Start))*(L_Start<=EOMONTH('Calc'!$C12,0))*(((L_StatusN="ACTIVE")+((ISNUMBER(L_LWD))*(L_LWD>=EOMONTH('Calc'!$C12,0))))>0)*((L_TypeN=UPPER(FiltCat))+(FiltCat="All"))*(L_InP=1)))) | D12: =IF('Calc'!$H$2+'Calc'!$I$2>0,"",IF('Calc'!$C12="","",SUMPRODUCT((P_StatusN="INACTIVE")*(ISNUMBER(P_LWD))*(P_LWD>='Calc'!$C12)*(P_LWD<EDATE('Calc'!$C12,1))*((P_TypeN=UPPER(FiltCat))+(FiltCat="All")))+SUMPRODUCT((L_StatusN="INACTIVE")*(ISNUMBER(L_LWD))*(L_LWD>='Calc'!$C12)*(L_LWD<EDATE('Calc'!$C12,1))*((L_TypeN=UPPER(FiltCat))+(FiltCat="All")))-SUMPRODUCT((L_StatusN="INACTIVE")*(ISNUMBER(L_LWD))*(L_LWD>='Calc'!$C12)*(L_LWD<EDATE('Calc'!$C12,1))*((L_TypeN=UPPER(FiltCat))+(FiltCat="All"))*(L_InP=1)*(L_TwinIna=1)))) | E12: =IF('Calc'!$H$2+'Calc'!$I$2>0,"",IF('Calc'!$C12="","",SUMPRODUCT((P_StatusN="INACTIVE")*(ISNUMBER(P_LWD))*(P_LWD>='Calc'!$C12)*(P_LWD<EDATE('Calc'!$C12,1))*((P_TypeN="PERM")))+SUMPRODUCT((L_StatusN="INACTIVE")*(ISNUMBER(L_LWD))*(L_LWD>='Calc'!$C12)*(L_LWD<EDATE('Calc'!$C12,1))*((L_TypeN="PERM")))-SUMPRODUCT((L_StatusN="INACTIVE")*(ISNUMBER(L_LWD))*(L_LWD>='Calc'!$C12)*(L_LWD<EDATE('Calc'!$C12,1))*((L_TypeN="PERM"))*(L_InP=1)*(L_TwinIna=1)))) | F12: =IF('Calc'!$H$2+'Calc'!$I$2>0,"",IF('Calc'!$C12="","",SUMPRODUCT((P_StatusN="INACTIVE")*(ISNUMBER(P_LWD))*(P_LWD>='Calc'!$C12)*(P_LWD<EDATE('Calc'!$C12,1))*((P_TypeN="PC")))+SUMPRODUCT((L_StatusN="INACTIVE")*(ISNUMBER(L_LWD))*(L_LWD>='Calc'!$C12)*(L_LWD<EDATE('Calc'!$C12,1))*((L_TypeN="PC")))-SUMPRODUCT((L_StatusN="INACTIVE")*(ISNUMBER(L_LWD))*(L_LWD>='Calc'!$C12)*(L_LWD<EDATE('Calc'!$C12,1))*((L_TypeN="PC"))*(L_InP=1)*(L_TwinIna=1)))) | G12: =IF('Calc'!$H$2+'Calc'!$I$2>0,"",IF('Calc'!$C12="","",SUMPRODUCT((P_StatusN="INACTIVE")*(ISNUMBER(P_LWD))*(P_LWD>='Calc'!$C12)*(P_LWD<EDATE('Calc'!$C12,1))*((P_TypeN="MS")))+SUMPRODUCT((L_StatusN="INACTIVE")*(ISNUMBER(L_LWD))*(L_LWD>='Calc'!$C12)*(L_LWD<EDATE('Calc'!$C12,1))*((L_TypeN="MS")))-SUMPRODUCT((L_StatusN="INACTIVE")*(ISNUMBER(L_LWD))*(L_LWD>='Calc'!$C12)*(L_LWD<EDATE('Calc'!$C12,1))*((L_TypeN="MS"))*(L_InP=1)*(L_TwinIna=1)))) | H12: =IF('Calc'!$H$2+'Calc'!$I$2>0,"",IF('Calc'!$C12="","",SUMPRODUCT((ISNUMBER(P_Start))*(P_Start>='Calc'!$C12)*(P_Start<EDATE('Calc'!$C12,1))*((P_TypeN=UPPER(FiltCat))+(FiltCat="All")))+SUMPRODUCT((ISNUMBER(L_Start))*(L_Start>='Calc'!$C12)*(L_Start<EDATE('Calc'!$C12,1))*((L_TypeN=UPPER(FiltCat))+(FiltCat="All")))-SUMPRODUCT((ISNUMBER(L_Start))*(L_Start>='Calc'!$C12)*(L_Start<EDATE('Calc'!$C12,1))*((L_TypeN=UPPER(FiltCat))+(FiltCat="All"))*(L_InP=1))))
B13: =IF('Calc'!$H$2+'Calc'!$I$2>0,"",IF('Calc'!$C13="","",TEXT('Calc'!$C13,"yyyy-mm"))) | C13: =IF('Calc'!$H$2+'Calc'!$I$2>0,"",IF('Calc'!$C13="","",SUMPRODUCT((ISNUMBER(P_Start))*(P_Start<=EOMONTH('Calc'!$C13,0))*(((P_StatusN="ACTIVE")+((ISNUMBER(P_LWD))*(P_LWD>=EOMONTH('Calc'!$C13,0))))>0)*((P_TypeN=UPPER(FiltCat))+(FiltCat="All")))+SUMPRODUCT((ISNUMBER(L_Start))*(L_Start<=EOMONTH('Calc'!$C13,0))*(((L_StatusN="ACTIVE")+((ISNUMBER(L_LWD))*(L_LWD>=EOMONTH('Calc'!$C13,0))))>0)*((L_TypeN=UPPER(FiltCat))+(FiltCat="All")))-SUMPRODUCT((ISNUMBER(L_Start))*(L_Start<=EOMONTH('Calc'!$C13,0))*(((L_StatusN="ACTIVE")+((ISNUMBER(L_LWD))*(L_LWD>=EOMONTH('Calc'!$C13,0))))>0)*((L_TypeN=UPPER(FiltCat))+(FiltCat="All"))*(L_InP=1)))) | D13: =IF('Calc'!$H$2+'Calc'!$I$2>0,"",IF('Calc'!$C13="","",SUMPRODUCT((P_StatusN="INACTIVE")*(ISNUMBER(P_LWD))*(P_LWD>='Calc'!$C13)*(P_LWD<EDATE('Calc'!$C13,1))*((P_TypeN=UPPER(FiltCat))+(FiltCat="All")))+SUMPRODUCT((L_StatusN="INACTIVE")*(ISNUMBER(L_LWD))*(L_LWD>='Calc'!$C13)*(L_LWD<EDATE('Calc'!$C13,1))*((L_TypeN=UPPER(FiltCat))+(FiltCat="All")))-SUMPRODUCT((L_StatusN="INACTIVE")*(ISNUMBER(L_LWD))*(L_LWD>='Calc'!$C13)*(L_LWD<EDATE('Calc'!$C13,1))*((L_TypeN=UPPER(FiltCat))+(FiltCat="All"))*(L_InP=1)*(L_TwinIna=1)))) | E13: =IF('Calc'!$H$2+'Calc'!$I$2>0,"",IF('Calc'!$C13="","",SUMPRODUCT((P_StatusN="INACTIVE")*(ISNUMBER(P_LWD))*(P_LWD>='Calc'!$C13)*(P_LWD<EDATE('Calc'!$C13,1))*((P_TypeN="PERM")))+SUMPRODUCT((L_StatusN="INACTIVE")*(ISNUMBER(L_LWD))*(L_LWD>='Calc'!$C13)*(L_LWD<EDATE('Calc'!$C13,1))*((L_TypeN="PERM")))-SUMPRODUCT((L_StatusN="INACTIVE")*(ISNUMBER(L_LWD))*(L_LWD>='Calc'!$C13)*(L_LWD<EDATE('Calc'!$C13,1))*((L_TypeN="PERM"))*(L_InP=1)*(L_TwinIna=1)))) | F13: =IF('Calc'!$H$2+'Calc'!$I$2>0,"",IF('Calc'!$C13="","",SUMPRODUCT((P_StatusN="INACTIVE")*(ISNUMBER(P_LWD))*(P_LWD>='Calc'!$C13)*(P_LWD<EDATE('Calc'!$C13,1))*((P_TypeN="PC")))+SUMPRODUCT((L_StatusN="INACTIVE")*(ISNUMBER(L_LWD))*(L_LWD>='Calc'!$C13)*(L_LWD<EDATE('Calc'!$C13,1))*((L_TypeN="PC")))-SUMPRODUCT((L_StatusN="INACTIVE")*(ISNUMBER(L_LWD))*(L_LWD>='Calc'!$C13)*(L_LWD<EDATE('Calc'!$C13,1))*((L_TypeN="PC"))*(L_InP=1)*(L_TwinIna=1)))) | G13: =IF('Calc'!$H$2+'Calc'!$I$2>0,"",IF('Calc'!$C13="","",SUMPRODUCT((P_StatusN="INACTIVE")*(ISNUMBER(P_LWD))*(P_LWD>='Calc'!$C13)*(P_LWD<EDATE('Calc'!$C13,1))*((P_TypeN="MS")))+SUMPRODUCT((L_StatusN="INACTIVE")*(ISNUMBER(L_LWD))*(L_LWD>='Calc'!$C13)*(L_LWD<EDATE('Calc'!$C13,1))*((L_TypeN="MS")))-SUMPRODUCT((L_StatusN="INACTIVE")*(ISNUMBER(L_LWD))*(L_LWD>='Calc'!$C13)*(L_LWD<EDATE('Calc'!$C13,1))*((L_TypeN="MS"))*(L_InP=1)*(L_TwinIna=1)))) | H13: =IF('Calc'!$H$2+'Calc'!$I$2>0,"",IF('Calc'!$C13="","",SUMPRODUCT((ISNUMBER(P_Start))*(P_Start>='Calc'!$C13)*(P_Start<EDATE('Calc'!$C13,1))*((P_TypeN=UPPER(FiltCat))+(FiltCat="All")))+SUMPRODUCT((ISNUMBER(L_Start))*(L_Start>='Calc'!$C13)*(L_Start<EDATE('Calc'!$C13,1))*((L_TypeN=UPPER(FiltCat))+(FiltCat="All")))-SUMPRODUCT((ISNUMBER(L_Start))*(L_Start>='Calc'!$C13)*(L_Start<EDATE('Calc'!$C13,1))*((L_TypeN=UPPER(FiltCat))+(FiltCat="All"))*(L_InP=1))))
B14: =IF('Calc'!$H$2+'Calc'!$I$2>0,"",IF('Calc'!$C14="","",TEXT('Calc'!$C14,"yyyy-mm"))) | C14: =IF('Calc'!$H$2+'Calc'!$I$2>0,"",IF('Calc'!$C14="","",SUMPRODUCT((ISNUMBER(P_Start))*(P_Start<=EOMONTH('Calc'!$C14,0))*(((P_StatusN="ACTIVE")+((ISNUMBER(P_LWD))*(P_LWD>=EOMONTH('Calc'!$C14,0))))>0)*((P_TypeN=UPPER(FiltCat))+(FiltCat="All")))+SUMPRODUCT((ISNUMBER(L_Start))*(L_Start<=EOMONTH('Calc'!$C14,0))*(((L_StatusN="ACTIVE")+((ISNUMBER(L_LWD))*(L_LWD>=EOMONTH('Calc'!$C14,0))))>0)*((L_TypeN=UPPER(FiltCat))+(FiltCat="All")))-SUMPRODUCT((ISNUMBER(L_Start))*(L_Start<=EOMONTH('Calc'!$C14,0))*(((L_StatusN="ACTIVE")+((ISNUMBER(L_LWD))*(L_LWD>=EOMONTH('Calc'!$C14,0))))>0)*((L_TypeN=UPPER(FiltCat))+(FiltCat="All"))*(L_InP=1)))) | D14: =IF('Calc'!$H$2+'Calc'!$I$2>0,"",IF('Calc'!$C14="","",SUMPRODUCT((P_StatusN="INACTIVE")*(ISNUMBER(P_LWD))*(P_LWD>='Calc'!$C14)*(P_LWD<EDATE('Calc'!$C14,1))*((P_TypeN=UPPER(FiltCat))+(FiltCat="All")))+SUMPRODUCT((L_StatusN="INACTIVE")*(ISNUMBER(L_LWD))*(L_LWD>='Calc'!$C14)*(L_LWD<EDATE('Calc'!$C14,1))*((L_TypeN=UPPER(FiltCat))+(FiltCat="All")))-SUMPRODUCT((L_StatusN="INACTIVE")*(ISNUMBER(L_LWD))*(L_LWD>='Calc'!$C14)*(L_LWD<EDATE('Calc'!$C14,1))*((L_TypeN=UPPER(FiltCat))+(FiltCat="All"))*(L_InP=1)*(L_TwinIna=1)))) | E14: =IF('Calc'!$H$2+'Calc'!$I$2>0,"",IF('Calc'!$C14="","",SUMPRODUCT((P_StatusN="INACTIVE")*(ISNUMBER(P_LWD))*(P_LWD>='Calc'!$C14)*(P_LWD<EDATE('Calc'!$C14,1))*((P_TypeN="PERM")))+SUMPRODUCT((L_StatusN="INACTIVE")*(ISNUMBER(L_LWD))*(L_LWD>='Calc'!$C14)*(L_LWD<EDATE('Calc'!$C14,1))*((L_TypeN="PERM")))-SUMPRODUCT((L_StatusN="INACTIVE")*(ISNUMBER(L_LWD))*(L_LWD>='Calc'!$C14)*(L_LWD<EDATE('Calc'!$C14,1))*((L_TypeN="PERM"))*(L_InP=1)*(L_TwinIna=1)))) | F14: =IF('Calc'!$H$2+'Calc'!$I$2>0,"",IF('Calc'!$C14="","",SUMPRODUCT((P_StatusN="INACTIVE")*(ISNUMBER(P_LWD))*(P_LWD>='Calc'!$C14)*(P_LWD<EDATE('Calc'!$C14,1))*((P_TypeN="PC")))+SUMPRODUCT((L_StatusN="INACTIVE")*(ISNUMBER(L_LWD))*(L_LWD>='Calc'!$C14)*(L_LWD<EDATE('Calc'!$C14,1))*((L_TypeN="PC")))-SUMPRODUCT((L_StatusN="INACTIVE")*(ISNUMBER(L_LWD))*(L_LWD>='Calc'!$C14)*(L_LWD<EDATE('Calc'!$C14,1))*((L_TypeN="PC"))*(L_InP=1)*(L_TwinIna=1)))) | G14: =IF('Calc'!$H$2+'Calc'!$I$2>0,"",IF('Calc'!$C14="","",SUMPRODUCT((P_StatusN="INACTIVE")*(ISNUMBER(P_LWD))*(P_LWD>='Calc'!$C14)*(P_LWD<EDATE('Calc'!$C14,1))*((P_TypeN="MS")))+SUMPRODUCT((L_StatusN="INACTIVE")*(ISNUMBER(L_LWD))*(L_LWD>='Calc'!$C14)*(L_LWD<EDATE('Calc'!$C14,1))*((L_TypeN="MS")))-SUMPRODUCT((L_StatusN="INACTIVE")*(ISNUMBER(L_LWD))*(L_LWD>='Calc'!$C14)*(L_LWD<EDATE('Calc'!$C14,1))*((L_TypeN="MS"))*(L_InP=1)*(L_TwinIna=1)))) | H14: =IF('Calc'!$H$2+'Calc'!$I$2>0,"",IF('Calc'!$C14="","",SUMPRODUCT((ISNUMBER(P_Start))*(P_Start>='Calc'!$C14)*(P_Start<EDATE('Calc'!$C14,1))*((P_TypeN=UPPER(FiltCat))+(FiltCat="All")))+SUMPRODUCT((ISNUMBER(L_Start))*(L_Start>='Calc'!$C14)*(L_Start<EDATE('Calc'!$C14,1))*((L_TypeN=UPPER(FiltCat))+(FiltCat="All")))-SUMPRODUCT((ISNUMBER(L_Start))*(L_Start>='Calc'!$C14)*(L_Start<EDATE('Calc'!$C14,1))*((L_TypeN=UPPER(FiltCat))+(FiltCat="All"))*(L_InP=1))))
B15: =IF('Calc'!$H$2+'Calc'!$I$2>0,"",IF('Calc'!$C15="","",TEXT('Calc'!$C15,"yyyy-mm"))) | C15: =IF('Calc'!$H$2+'Calc'!$I$2>0,"",IF('Calc'!$C15="","",SUMPRODUCT((ISNUMBER(P_Start))*(P_Start<=EOMONTH('Calc'!$C15,0))*(((P_StatusN="ACTIVE")+((ISNUMBER(P_LWD))*(P_LWD>=EOMONTH('Calc'!$C15,0))))>0)*((P_TypeN=UPPER(FiltCat))+(FiltCat="All")))+SUMPRODUCT((ISNUMBER(L_Start))*(L_Start<=EOMONTH('Calc'!$C15,0))*(((L_StatusN="ACTIVE")+((ISNUMBER(L_LWD))*(L_LWD>=EOMONTH('Calc'!$C15,0))))>0)*((L_TypeN=UPPER(FiltCat))+(FiltCat="All")))-SUMPRODUCT((ISNUMBER(L_Start))*(L_Start<=EOMONTH('Calc'!$C15,0))*(((L_StatusN="ACTIVE")+((ISNUMBER(L_LWD))*(L_LWD>=EOMONTH('Calc'!$C15,0))))>0)*((L_TypeN=UPPER(FiltCat))+(FiltCat="All"))*(L_InP=1)))) | D15: =IF('Calc'!$H$2+'Calc'!$I$2>0,"",IF('Calc'!$C15="","",SUMPRODUCT((P_StatusN="INACTIVE")*(ISNUMBER(P_LWD))*(P_LWD>='Calc'!$C15)*(P_LWD<EDATE('Calc'!$C15,1))*((P_TypeN=UPPER(FiltCat))+(FiltCat="All")))+SUMPRODUCT((L_StatusN="INACTIVE")*(ISNUMBER(L_LWD))*(L_LWD>='Calc'!$C15)*(L_LWD<EDATE('Calc'!$C15,1))*((L_TypeN=UPPER(FiltCat))+(FiltCat="All")))-SUMPRODUCT((L_StatusN="INACTIVE")*(ISNUMBER(L_LWD))*(L_LWD>='Calc'!$C15)*(L_LWD<EDATE('Calc'!$C15,1))*((L_TypeN=UPPER(FiltCat))+(FiltCat="All"))*(L_InP=1)*(L_TwinIna=1)))) | E15: =IF('Calc'!$H$2+'Calc'!$I$2>0,"",IF('Calc'!$C15="","",SUMPRODUCT((P_StatusN="INACTIVE")*(ISNUMBER(P_LWD))*(P_LWD>='Calc'!$C15)*(P_LWD<EDATE('Calc'!$C15,1))*((P_TypeN="PERM")))+SUMPRODUCT((L_StatusN="INACTIVE")*(ISNUMBER(L_LWD))*(L_LWD>='Calc'!$C15)*(L_LWD<EDATE('Calc'!$C15,1))*((L_TypeN="PERM")))-SUMPRODUCT((L_StatusN="INACTIVE")*(ISNUMBER(L_LWD))*(L_LWD>='Calc'!$C15)*(L_LWD<EDATE('Calc'!$C15,1))*((L_TypeN="PERM"))*(L_InP=1)*(L_TwinIna=1)))) | F15: =IF('Calc'!$H$2+'Calc'!$I$2>0,"",IF('Calc'!$C15="","",SUMPRODUCT((P_StatusN="INACTIVE")*(ISNUMBER(P_LWD))*(P_LWD>='Calc'!$C15)*(P_LWD<EDATE('Calc'!$C15,1))*((P_TypeN="PC")))+SUMPRODUCT((L_StatusN="INACTIVE")*(ISNUMBER(L_LWD))*(L_LWD>='Calc'!$C15)*(L_LWD<EDATE('Calc'!$C15,1))*((L_TypeN="PC")))-SUMPRODUCT((L_StatusN="INACTIVE")*(ISNUMBER(L_LWD))*(L_LWD>='Calc'!$C15)*(L_LWD<EDATE('Calc'!$C15,1))*((L_TypeN="PC"))*(L_InP=1)*(L_TwinIna=1)))) | G15: =IF('Calc'!$H$2+'Calc'!$I$2>0,"",IF('Calc'!$C15="","",SUMPRODUCT((P_StatusN="INACTIVE")*(ISNUMBER(P_LWD))*(P_LWD>='Calc'!$C15)*(P_LWD<EDATE('Calc'!$C15,1))*((P_TypeN="MS")))+SUMPRODUCT((L_StatusN="INACTIVE")*(ISNUMBER(L_LWD))*(L_LWD>='Calc'!$C15)*(L_LWD<EDATE('Calc'!$C15,1))*((L_TypeN="MS")))-SUMPRODUCT((L_StatusN="INACTIVE")*(ISNUMBER(L_LWD))*(L_LWD>='Calc'!$C15)*(L_LWD<EDATE('Calc'!$C15,1))*((L_TypeN="MS"))*(L_InP=1)*(L_TwinIna=1)))) | H15: =IF('Calc'!$H$2+'Calc'!$I$2>0,"",IF('Calc'!$C15="","",SUMPRODUCT((ISNUMBER(P_Start))*(P_Start>='Calc'!$C15)*(P_Start<EDATE('Calc'!$C15,1))*((P_TypeN=UPPER(FiltCat))+(FiltCat="All")))+SUMPRODUCT((ISNUMBER(L_Start))*(L_Start>='Calc'!$C15)*(L_Start<EDATE('Calc'!$C15,1))*((L_TypeN=UPPER(FiltCat))+(FiltCat="All")))-SUMPRODUCT((ISNUMBER(L_Start))*(L_Start>='Calc'!$C15)*(L_Start<EDATE('Calc'!$C15,1))*((L_TypeN=UPPER(FiltCat))+(FiltCat="All"))*(L_InP=1))))
B16: =IF('Calc'!$H$2+'Calc'!$I$2>0,"",IF('Calc'!$C16="","",TEXT('Calc'!$C16,"yyyy-mm"))) | C16: =IF('Calc'!$H$2+'Calc'!$I$2>0,"",IF('Calc'!$C16="","",SUMPRODUCT((ISNUMBER(P_Start))*(P_Start<=EOMONTH('Calc'!$C16,0))*(((P_StatusN="ACTIVE")+((ISNUMBER(P_LWD))*(P_LWD>=EOMONTH('Calc'!$C16,0))))>0)*((P_TypeN=UPPER(FiltCat))+(FiltCat="All")))+SUMPRODUCT((ISNUMBER(L_Start))*(L_Start<=EOMONTH('Calc'!$C16,0))*(((L_StatusN="ACTIVE")+((ISNUMBER(L_LWD))*(L_LWD>=EOMONTH('Calc'!$C16,0))))>0)*((L_TypeN=UPPER(FiltCat))+(FiltCat="All")))-SUMPRODUCT((ISNUMBER(L_Start))*(L_Start<=EOMONTH('Calc'!$C16,0))*(((L_StatusN="ACTIVE")+((ISNUMBER(L_LWD))*(L_LWD>=EOMONTH('Calc'!$C16,0))))>0)*((L_TypeN=UPPER(FiltCat))+(FiltCat="All"))*(L_InP=1)))) | D16: =IF('Calc'!$H$2+'Calc'!$I$2>0,"",IF('Calc'!$C16="","",SUMPRODUCT((P_StatusN="INACTIVE")*(ISNUMBER(P_LWD))*(P_LWD>='Calc'!$C16)*(P_LWD<EDATE('Calc'!$C16,1))*((P_TypeN=UPPER(FiltCat))+(FiltCat="All")))+SUMPRODUCT((L_StatusN="INACTIVE")*(ISNUMBER(L_LWD))*(L_LWD>='Calc'!$C16)*(L_LWD<EDATE('Calc'!$C16,1))*((L_TypeN=UPPER(FiltCat))+(FiltCat="All")))-SUMPRODUCT((L_StatusN="INACTIVE")*(ISNUMBER(L_LWD))*(L_LWD>='Calc'!$C16)*(L_LWD<EDATE('Calc'!$C16,1))*((L_TypeN=UPPER(FiltCat))+(FiltCat="All"))*(L_InP=1)*(L_TwinIna=1)))) | E16: =IF('Calc'!$H$2+'Calc'!$I$2>0,"",IF('Calc'!$C16="","",SUMPRODUCT((P_StatusN="INACTIVE")*(ISNUMBER(P_LWD))*(P_LWD>='Calc'!$C16)*(P_LWD<EDATE('Calc'!$C16,1))*((P_TypeN="PERM")))+SUMPRODUCT((L_StatusN="INACTIVE")*(ISNUMBER(L_LWD))*(L_LWD>='Calc'!$C16)*(L_LWD<EDATE('Calc'!$C16,1))*((L_TypeN="PERM")))-SUMPRODUCT((L_StatusN="INACTIVE")*(ISNUMBER(L_LWD))*(L_LWD>='Calc'!$C16)*(L_LWD<EDATE('Calc'!$C16,1))*((L_TypeN="PERM"))*(L_InP=1)*(L_TwinIna=1)))) | F16: =IF('Calc'!$H$2+'Calc'!$I$2>0,"",IF('Calc'!$C16="","",SUMPRODUCT((P_StatusN="INACTIVE")*(ISNUMBER(P_LWD))*(P_LWD>='Calc'!$C16)*(P_LWD<EDATE('Calc'!$C16,1))*((P_TypeN="PC")))+SUMPRODUCT((L_StatusN="INACTIVE")*(ISNUMBER(L_LWD))*(L_LWD>='Calc'!$C16)*(L_LWD<EDATE('Calc'!$C16,1))*((L_TypeN="PC")))-SUMPRODUCT((L_StatusN="INACTIVE")*(ISNUMBER(L_LWD))*(L_LWD>='Calc'!$C16)*(L_LWD<EDATE('Calc'!$C16,1))*((L_TypeN="PC"))*(L_InP=1)*(L_TwinIna=1)))) | G16: =IF('Calc'!$H$2+'Calc'!$I$2>0,"",IF('Calc'!$C16="","",SUMPRODUCT((P_StatusN="INACTIVE")*(ISNUMBER(P_LWD))*(P_LWD>='Calc'!$C16)*(P_LWD<EDATE('Calc'!$C16,1))*((P_TypeN="MS")))+SUMPRODUCT((L_StatusN="INACTIVE")*(ISNUMBER(L_LWD))*(L_LWD>='Calc'!$C16)*(L_LWD<EDATE('Calc'!$C16,1))*((L_TypeN="MS")))-SUMPRODUCT((L_StatusN="INACTIVE")*(ISNUMBER(L_LWD))*(L_LWD>='Calc'!$C16)*(L_LWD<EDATE('Calc'!$C16,1))*((L_TypeN="MS"))*(L_InP=1)*(L_TwinIna=1)))) | H16: =IF('Calc'!$H$2+'Calc'!$I$2>0,"",IF('Calc'!$C16="","",SUMPRODUCT((ISNUMBER(P_Start))*(P_Start>='Calc'!$C16)*(P_Start<EDATE('Calc'!$C16,1))*((P_TypeN=UPPER(FiltCat))+(FiltCat="All")))+SUMPRODUCT((ISNUMBER(L_Start))*(L_Start>='Calc'!$C16)*(L_Start<EDATE('Calc'!$C16,1))*((L_TypeN=UPPER(FiltCat))+(FiltCat="All")))-SUMPRODUCT((ISNUMBER(L_Start))*(L_Start>='Calc'!$C16)*(L_Start<EDATE('Calc'!$C16,1))*((L_TypeN=UPPER(FiltCat))+(FiltCat="All"))*(L_InP=1))))
B17: =IF('Calc'!$H$2+'Calc'!$I$2>0,"",IF('Calc'!$C17="","",TEXT('Calc'!$C17,"yyyy-mm"))) | C17: =IF('Calc'!$H$2+'Calc'!$I$2>0,"",IF('Calc'!$C17="","",SUMPRODUCT((ISNUMBER(P_Start))*(P_Start<=EOMONTH('Calc'!$C17,0))*(((P_StatusN="ACTIVE")+((ISNUMBER(P_LWD))*(P_LWD>=EOMONTH('Calc'!$C17,0))))>0)*((P_TypeN=UPPER(FiltCat))+(FiltCat="All")))+SUMPRODUCT((ISNUMBER(L_Start))*(L_Start<=EOMONTH('Calc'!$C17,0))*(((L_StatusN="ACTIVE")+((ISNUMBER(L_LWD))*(L_LWD>=EOMONTH('Calc'!$C17,0))))>0)*((L_TypeN=UPPER(FiltCat))+(FiltCat="All")))-SUMPRODUCT((ISNUMBER(L_Start))*(L_Start<=EOMONTH('Calc'!$C17,0))*(((L_StatusN="ACTIVE")+((ISNUMBER(L_LWD))*(L_LWD>=EOMONTH('Calc'!$C17,0))))>0)*((L_TypeN=UPPER(FiltCat))+(FiltCat="All"))*(L_InP=1)))) | D17: =IF('Calc'!$H$2+'Calc'!$I$2>0,"",IF('Calc'!$C17="","",SUMPRODUCT((P_StatusN="INACTIVE")*(ISNUMBER(P_LWD))*(P_LWD>='Calc'!$C17)*(P_LWD<EDATE('Calc'!$C17,1))*((P_TypeN=UPPER(FiltCat))+(FiltCat="All")))+SUMPRODUCT((L_StatusN="INACTIVE")*(ISNUMBER(L_LWD))*(L_LWD>='Calc'!$C17)*(L_LWD<EDATE('Calc'!$C17,1))*((L_TypeN=UPPER(FiltCat))+(FiltCat="All")))-SUMPRODUCT((L_StatusN="INACTIVE")*(ISNUMBER(L_LWD))*(L_LWD>='Calc'!$C17)*(L_LWD<EDATE('Calc'!$C17,1))*((L_TypeN=UPPER(FiltCat))+(FiltCat="All"))*(L_InP=1)*(L_TwinIna=1)))) | E17: =IF('Calc'!$H$2+'Calc'!$I$2>0,"",IF('Calc'!$C17="","",SUMPRODUCT((P_StatusN="INACTIVE")*(ISNUMBER(P_LWD))*(P_LWD>='Calc'!$C17)*(P_LWD<EDATE('Calc'!$C17,1))*((P_TypeN="PERM")))+SUMPRODUCT((L_StatusN="INACTIVE")*(ISNUMBER(L_LWD))*(L_LWD>='Calc'!$C17)*(L_LWD<EDATE('Calc'!$C17,1))*((L_TypeN="PERM")))-SUMPRODUCT((L_StatusN="INACTIVE")*(ISNUMBER(L_LWD))*(L_LWD>='Calc'!$C17)*(L_LWD<EDATE('Calc'!$C17,1))*((L_TypeN="PERM"))*(L_InP=1)*(L_TwinIna=1)))) | F17: =IF('Calc'!$H$2+'Calc'!$I$2>0,"",IF('Calc'!$C17="","",SUMPRODUCT((P_StatusN="INACTIVE")*(ISNUMBER(P_LWD))*(P_LWD>='Calc'!$C17)*(P_LWD<EDATE('Calc'!$C17,1))*((P_TypeN="PC")))+SUMPRODUCT((L_StatusN="INACTIVE")*(ISNUMBER(L_LWD))*(L_LWD>='Calc'!$C17)*(L_LWD<EDATE('Calc'!$C17,1))*((L_TypeN="PC")))-SUMPRODUCT((L_StatusN="INACTIVE")*(ISNUMBER(L_LWD))*(L_LWD>='Calc'!$C17)*(L_LWD<EDATE('Calc'!$C17,1))*((L_TypeN="PC"))*(L_InP=1)*(L_TwinIna=1)))) | G17: =IF('Calc'!$H$2+'Calc'!$I$2>0,"",IF('Calc'!$C17="","",SUMPRODUCT((P_StatusN="INACTIVE")*(ISNUMBER(P_LWD))*(P_LWD>='Calc'!$C17)*(P_LWD<EDATE('Calc'!$C17,1))*((P_TypeN="MS")))+SUMPRODUCT((L_StatusN="INACTIVE")*(ISNUMBER(L_LWD))*(L_LWD>='Calc'!$C17)*(L_LWD<EDATE('Calc'!$C17,1))*((L_TypeN="MS")))-SUMPRODUCT((L_StatusN="INACTIVE")*(ISNUMBER(L_LWD))*(L_LWD>='Calc'!$C17)*(L_LWD<EDATE('Calc'!$C17,1))*((L_TypeN="MS"))*(L_InP=1)*(L_TwinIna=1)))) | H17: =IF('Calc'!$H$2+'Calc'!$I$2>0,"",IF('Calc'!$C17="","",SUMPRODUCT((ISNUMBER(P_Start))*(P_Start>='Calc'!$C17)*(P_Start<EDATE('Calc'!$C17,1))*((P_TypeN=UPPER(FiltCat))+(FiltCat="All")))+SUMPRODUCT((ISNUMBER(L_Start))*(L_Start>='Calc'!$C17)*(L_Start<EDATE('Calc'!$C17,1))*((L_TypeN=UPPER(FiltCat))+(FiltCat="All")))-SUMPRODUCT((ISNUMBER(L_Start))*(L_Start>='Calc'!$C17)*(L_Start<EDATE('Calc'!$C17,1))*((L_TypeN=UPPER(FiltCat))+(FiltCat="All"))*(L_InP=1))))
B18: =IF('Calc'!$H$2+'Calc'!$I$2>0,"",IF('Calc'!$C18="","",TEXT('Calc'!$C18,"yyyy-mm"))) | C18: =IF('Calc'!$H$2+'Calc'!$I$2>0,"",IF('Calc'!$C18="","",SUMPRODUCT((ISNUMBER(P_Start))*(P_Start<=EOMONTH('Calc'!$C18,0))*(((P_StatusN="ACTIVE")+((ISNUMBER(P_LWD))*(P_LWD>=EOMONTH('Calc'!$C18,0))))>0)*((P_TypeN=UPPER(FiltCat))+(FiltCat="All")))+SUMPRODUCT((ISNUMBER(L_Start))*(L_Start<=EOMONTH('Calc'!$C18,0))*(((L_StatusN="ACTIVE")+((ISNUMBER(L_LWD))*(L_LWD>=EOMONTH('Calc'!$C18,0))))>0)*((L_TypeN=UPPER(FiltCat))+(FiltCat="All")))-SUMPRODUCT((ISNUMBER(L_Start))*(L_Start<=EOMONTH('Calc'!$C18,0))*(((L_StatusN="ACTIVE")+((ISNUMBER(L_LWD))*(L_LWD>=EOMONTH('Calc'!$C18,0))))>0)*((L_TypeN=UPPER(FiltCat))+(FiltCat="All"))*(L_InP=1)))) | D18: =IF('Calc'!$H$2+'Calc'!$I$2>0,"",IF('Calc'!$C18="","",SUMPRODUCT((P_StatusN="INACTIVE")*(ISNUMBER(P_LWD))*(P_LWD>='Calc'!$C18)*(P_LWD<EDATE('Calc'!$C18,1))*((P_TypeN=UPPER(FiltCat))+(FiltCat="All")))+SUMPRODUCT((L_StatusN="INACTIVE")*(ISNUMBER(L_LWD))*(L_LWD>='Calc'!$C18)*(L_LWD<EDATE('Calc'!$C18,1))*((L_TypeN=UPPER(FiltCat))+(FiltCat="All")))-SUMPRODUCT((L_StatusN="INACTIVE")*(ISNUMBER(L_LWD))*(L_LWD>='Calc'!$C18)*(L_LWD<EDATE('Calc'!$C18,1))*((L_TypeN=UPPER(FiltCat))+(FiltCat="All"))*(L_InP=1)*(L_TwinIna=1)))) | E18: =IF('Calc'!$H$2+'Calc'!$I$2>0,"",IF('Calc'!$C18="","",SUMPRODUCT((P_StatusN="INACTIVE")*(ISNUMBER(P_LWD))*(P_LWD>='Calc'!$C18)*(P_LWD<EDATE('Calc'!$C18,1))*((P_TypeN="PERM")))+SUMPRODUCT((L_StatusN="INACTIVE")*(ISNUMBER(L_LWD))*(L_LWD>='Calc'!$C18)*(L_LWD<EDATE('Calc'!$C18,1))*((L_TypeN="PERM")))-SUMPRODUCT((L_StatusN="INACTIVE")*(ISNUMBER(L_LWD))*(L_LWD>='Calc'!$C18)*(L_LWD<EDATE('Calc'!$C18,1))*((L_TypeN="PERM"))*(L_InP=1)*(L_TwinIna=1)))) | F18: =IF('Calc'!$H$2+'Calc'!$I$2>0,"",IF('Calc'!$C18="","",SUMPRODUCT((P_StatusN="INACTIVE")*(ISNUMBER(P_LWD))*(P_LWD>='Calc'!$C18)*(P_LWD<EDATE('Calc'!$C18,1))*((P_TypeN="PC")))+SUMPRODUCT((L_StatusN="INACTIVE")*(ISNUMBER(L_LWD))*(L_LWD>='Calc'!$C18)*(L_LWD<EDATE('Calc'!$C18,1))*((L_TypeN="PC")))-SUMPRODUCT((L_StatusN="INACTIVE")*(ISNUMBER(L_LWD))*(L_LWD>='Calc'!$C18)*(L_LWD<EDATE('Calc'!$C18,1))*((L_TypeN="PC"))*(L_InP=1)*(L_TwinIna=1)))) | G18: =IF('Calc'!$H$2+'Calc'!$I$2>0,"",IF('Calc'!$C18="","",SUMPRODUCT((P_StatusN="INACTIVE")*(ISNUMBER(P_LWD))*(P_LWD>='Calc'!$C18)*(P_LWD<EDATE('Calc'!$C18,1))*((P_TypeN="MS")))+SUMPRODUCT((L_StatusN="INACTIVE")*(ISNUMBER(L_LWD))*(L_LWD>='Calc'!$C18)*(L_LWD<EDATE('Calc'!$C18,1))*((L_TypeN="MS")))-SUMPRODUCT((L_StatusN="INACTIVE")*(ISNUMBER(L_LWD))*(L_LWD>='Calc'!$C18)*(L_LWD<EDATE('Calc'!$C18,1))*((L_TypeN="MS"))*(L_InP=1)*(L_TwinIna=1)))) | H18: =IF('Calc'!$H$2+'Calc'!$I$2>0,"",IF('Calc'!$C18="","",SUMPRODUCT((ISNUMBER(P_Start))*(P_Start>='Calc'!$C18)*(P_Start<EDATE('Calc'!$C18,1))*((P_TypeN=UPPER(FiltCat))+(FiltCat="All")))+SUMPRODUCT((ISNUMBER(L_Start))*(L_Start>='Calc'!$C18)*(L_Start<EDATE('Calc'!$C18,1))*((L_TypeN=UPPER(FiltCat))+(FiltCat="All")))-SUMPRODUCT((ISNUMBER(L_Start))*(L_Start>='Calc'!$C18)*(L_Start<EDATE('Calc'!$C18,1))*((L_TypeN=UPPER(FiltCat))+(FiltCat="All"))*(L_InP=1))))
B19: =IF('Calc'!$H$2+'Calc'!$I$2>0,"",IF('Calc'!$C19="","",TEXT('Calc'!$C19,"yyyy-mm"))) | C19: =IF('Calc'!$H$2+'Calc'!$I$2>0,"",IF('Calc'!$C19="","",SUMPRODUCT((ISNUMBER(P_Start))*(P_Start<=EOMONTH('Calc'!$C19,0))*(((P_StatusN="ACTIVE")+((ISNUMBER(P_LWD))*(P_LWD>=EOMONTH('Calc'!$C19,0))))>0)*((P_TypeN=UPPER(FiltCat))+(FiltCat="All")))+SUMPRODUCT((ISNUMBER(L_Start))*(L_Start<=EOMONTH('Calc'!$C19,0))*(((L_StatusN="ACTIVE")+((ISNUMBER(L_LWD))*(L_LWD>=EOMONTH('Calc'!$C19,0))))>0)*((L_TypeN=UPPER(FiltCat))+(FiltCat="All")))-SUMPRODUCT((ISNUMBER(L_Start))*(L_Start<=EOMONTH('Calc'!$C19,0))*(((L_StatusN="ACTIVE")+((ISNUMBER(L_LWD))*(L_LWD>=EOMONTH('Calc'!$C19,0))))>0)*((L_TypeN=UPPER(FiltCat))+(FiltCat="All"))*(L_InP=1)))) | D19: =IF('Calc'!$H$2+'Calc'!$I$2>0,"",IF('Calc'!$C19="","",SUMPRODUCT((P_StatusN="INACTIVE")*(ISNUMBER(P_LWD))*(P_LWD>='Calc'!$C19)*(P_LWD<EDATE('Calc'!$C19,1))*((P_TypeN=UPPER(FiltCat))+(FiltCat="All")))+SUMPRODUCT((L_StatusN="INACTIVE")*(ISNUMBER(L_LWD))*(L_LWD>='Calc'!$C19)*(L_LWD<EDATE('Calc'!$C19,1))*((L_TypeN=UPPER(FiltCat))+(FiltCat="All")))-SUMPRODUCT((L_StatusN="INACTIVE")*(ISNUMBER(L_LWD))*(L_LWD>='Calc'!$C19)*(L_LWD<EDATE('Calc'!$C19,1))*((L_TypeN=UPPER(FiltCat))+(FiltCat="All"))*(L_InP=1)*(L_TwinIna=1)))) | E19: =IF('Calc'!$H$2+'Calc'!$I$2>0,"",IF('Calc'!$C19="","",SUMPRODUCT((P_StatusN="INACTIVE")*(ISNUMBER(P_LWD))*(P_LWD>='Calc'!$C19)*(P_LWD<EDATE('Calc'!$C19,1))*((P_TypeN="PERM")))+SUMPRODUCT((L_StatusN="INACTIVE")*(ISNUMBER(L_LWD))*(L_LWD>='Calc'!$C19)*(L_LWD<EDATE('Calc'!$C19,1))*((L_TypeN="PERM")))-SUMPRODUCT((L_StatusN="INACTIVE")*(ISNUMBER(L_LWD))*(L_LWD>='Calc'!$C19)*(L_LWD<EDATE('Calc'!$C19,1))*((L_TypeN="PERM"))*(L_InP=1)*(L_TwinIna=1)))) | F19: =IF('Calc'!$H$2+'Calc'!$I$2>0,"",IF('Calc'!$C19="","",SUMPRODUCT((P_StatusN="INACTIVE")*(ISNUMBER(P_LWD))*(P_LWD>='Calc'!$C19)*(P_LWD<EDATE('Calc'!$C19,1))*((P_TypeN="PC")))+SUMPRODUCT((L_StatusN="INACTIVE")*(ISNUMBER(L_LWD))*(L_LWD>='Calc'!$C19)*(L_LWD<EDATE('Calc'!$C19,1))*((L_TypeN="PC")))-SUMPRODUCT((L_StatusN="INACTIVE")*(ISNUMBER(L_LWD))*(L_LWD>='Calc'!$C19)*(L_LWD<EDATE('Calc'!$C19,1))*((L_TypeN="PC"))*(L_InP=1)*(L_TwinIna=1)))) | G19: =IF('Calc'!$H$2+'Calc'!$I$2>0,"",IF('Calc'!$C19="","",SUMPRODUCT((P_StatusN="INACTIVE")*(ISNUMBER(P_LWD))*(P_LWD>='Calc'!$C19)*(P_LWD<EDATE('Calc'!$C19,1))*((P_TypeN="MS")))+SUMPRODUCT((L_StatusN="INACTIVE")*(ISNUMBER(L_LWD))*(L_LWD>='Calc'!$C19)*(L_LWD<EDATE('Calc'!$C19,1))*((L_TypeN="MS")))-SUMPRODUCT((L_StatusN="INACTIVE")*(ISNUMBER(L_LWD))*(L_LWD>='Calc'!$C19)*(L_LWD<EDATE('Calc'!$C19,1))*((L_TypeN="MS"))*(L_InP=1)*(L_TwinIna=1)))) | H19: =IF('Calc'!$H$2+'Calc'!$I$2>0,"",IF('Calc'!$C19="","",SUMPRODUCT((ISNUMBER(P_Start))*(P_Start>='Calc'!$C19)*(P_Start<EDATE('Calc'!$C19,1))*((P_TypeN=UPPER(FiltCat))+(FiltCat="All")))+SUMPRODUCT((ISNUMBER(L_Start))*(L_Start>='Calc'!$C19)*(L_Start<EDATE('Calc'!$C19,1))*((L_TypeN=UPPER(FiltCat))+(FiltCat="All")))-SUMPRODUCT((ISNUMBER(L_Start))*(L_Start>='Calc'!$C19)*(L_Start<EDATE('Calc'!$C19,1))*((L_TypeN=UPPER(FiltCat))+(FiltCat="All"))*(L_InP=1))))
B20: =IF('Calc'!$H$2+'Calc'!$I$2>0,"",IF('Calc'!$C20="","",TEXT('Calc'!$C20,"yyyy-mm"))) | C20: =IF('Calc'!$H$2+'Calc'!$I$2>0,"",IF('Calc'!$C20="","",SUMPRODUCT((ISNUMBER(P_Start))*(P_Start<=EOMONTH('Calc'!$C20,0))*(((P_StatusN="ACTIVE")+((ISNUMBER(P_LWD))*(P_LWD>=EOMONTH('Calc'!$C20,0))))>0)*((P_TypeN=UPPER(FiltCat))+(FiltCat="All")))+SUMPRODUCT((ISNUMBER(L_Start))*(L_Start<=EOMONTH('Calc'!$C20,0))*(((L_StatusN="ACTIVE")+((ISNUMBER(L_LWD))*(L_LWD>=EOMONTH('Calc'!$C20,0))))>0)*((L_TypeN=UPPER(FiltCat))+(FiltCat="All")))-SUMPRODUCT((ISNUMBER(L_Start))*(L_Start<=EOMONTH('Calc'!$C20,0))*(((L_StatusN="ACTIVE")+((ISNUMBER(L_LWD))*(L_LWD>=EOMONTH('Calc'!$C20,0))))>0)*((L_TypeN=UPPER(FiltCat))+(FiltCat="All"))*(L_InP=1)))) | D20: =IF('Calc'!$H$2+'Calc'!$I$2>0,"",IF('Calc'!$C20="","",SUMPRODUCT((P_StatusN="INACTIVE")*(ISNUMBER(P_LWD))*(P_LWD>='Calc'!$C20)*(P_LWD<EDATE('Calc'!$C20,1))*((P_TypeN=UPPER(FiltCat))+(FiltCat="All")))+SUMPRODUCT((L_StatusN="INACTIVE")*(ISNUMBER(L_LWD))*(L_LWD>='Calc'!$C20)*(L_LWD<EDATE('Calc'!$C20,1))*((L_TypeN=UPPER(FiltCat))+(FiltCat="All")))-SUMPRODUCT((L_StatusN="INACTIVE")*(ISNUMBER(L_LWD))*(L_LWD>='Calc'!$C20)*(L_LWD<EDATE('Calc'!$C20,1))*((L_TypeN=UPPER(FiltCat))+(FiltCat="All"))*(L_InP=1)*(L_TwinIna=1)))) | E20: =IF('Calc'!$H$2+'Calc'!$I$2>0,"",IF('Calc'!$C20="","",SUMPRODUCT((P_StatusN="INACTIVE")*(ISNUMBER(P_LWD))*(P_LWD>='Calc'!$C20)*(P_LWD<EDATE('Calc'!$C20,1))*((P_TypeN="PERM")))+SUMPRODUCT((L_StatusN="INACTIVE")*(ISNUMBER(L_LWD))*(L_LWD>='Calc'!$C20)*(L_LWD<EDATE('Calc'!$C20,1))*((L_TypeN="PERM")))-SUMPRODUCT((L_StatusN="INACTIVE")*(ISNUMBER(L_LWD))*(L_LWD>='Calc'!$C20)*(L_LWD<EDATE('Calc'!$C20,1))*((L_TypeN="PERM"))*(L_InP=1)*(L_TwinIna=1)))) | F20: =IF('Calc'!$H$2+'Calc'!$I$2>0,"",IF('Calc'!$C20="","",SUMPRODUCT((P_StatusN="INACTIVE")*(ISNUMBER(P_LWD))*(P_LWD>='Calc'!$C20)*(P_LWD<EDATE('Calc'!$C20,1))*((P_TypeN="PC")))+SUMPRODUCT((L_StatusN="INACTIVE")*(ISNUMBER(L_LWD))*(L_LWD>='Calc'!$C20)*(L_LWD<EDATE('Calc'!$C20,1))*((L_TypeN="PC")))-SUMPRODUCT((L_StatusN="INACTIVE")*(ISNUMBER(L_LWD))*(L_LWD>='Calc'!$C20)*(L_LWD<EDATE('Calc'!$C20,1))*((L_TypeN="PC"))*(L_InP=1)*(L_TwinIna=1)))) | G20: =IF('Calc'!$H$2+'Calc'!$I$2>0,"",IF('Calc'!$C20="","",SUMPRODUCT((P_StatusN="INACTIVE")*(ISNUMBER(P_LWD))*(P_LWD>='Calc'!$C20)*(P_LWD<EDATE('Calc'!$C20,1))*((P_TypeN="MS")))+SUMPRODUCT((L_StatusN="INACTIVE")*(ISNUMBER(L_LWD))*(L_LWD>='Calc'!$C20)*(L_LWD<EDATE('Calc'!$C20,1))*((L_TypeN="MS")))-SUMPRODUCT((L_StatusN="INACTIVE")*(ISNUMBER(L_LWD))*(L_LWD>='Calc'!$C20)*(L_LWD<EDATE('Calc'!$C20,1))*((L_TypeN="MS"))*(L_InP=1)*(L_TwinIna=1)))) | H20: =IF('Calc'!$H$2+'Calc'!$I$2>0,"",IF('Calc'!$C20="","",SUMPRODUCT((ISNUMBER(P_Start))*(P_Start>='Calc'!$C20)*(P_Start<EDATE('Calc'!$C20,1))*((P_TypeN=UPPER(FiltCat))+(FiltCat="All")))+SUMPRODUCT((ISNUMBER(L_Start))*(L_Start>='Calc'!$C20)*(L_Start<EDATE('Calc'!$C20,1))*((L_TypeN=UPPER(FiltCat))+(FiltCat="All")))-SUMPRODUCT((ISNUMBER(L_Start))*(L_Start>='Calc'!$C20)*(L_Start<EDATE('Calc'!$C20,1))*((L_TypeN=UPPER(FiltCat))+(FiltCat="All"))*(L_InP=1))))
B21: =IF('Calc'!$H$2+'Calc'!$I$2>0,"",IF('Calc'!$C21="","",TEXT('Calc'!$C21,"yyyy-mm"))) | C21: =IF('Calc'!$H$2+'Calc'!$I$2>0,"",IF('Calc'!$C21="","",SUMPRODUCT((ISNUMBER(P_Start))*(P_Start<=EOMONTH('Calc'!$C21,0))*(((P_StatusN="ACTIVE")+((ISNUMBER(P_LWD))*(P_LWD>=EOMONTH('Calc'!$C21,0))))>0)*((P_TypeN=UPPER(FiltCat))+(FiltCat="All")))+SUMPRODUCT((ISNUMBER(L_Start))*(L_Start<=EOMONTH('Calc'!$C21,0))*(((L_StatusN="ACTIVE")+((ISNUMBER(L_LWD))*(L_LWD>=EOMONTH('Calc'!$C21,0))))>0)*((L_TypeN=UPPER(FiltCat))+(FiltCat="All")))-SUMPRODUCT((ISNUMBER(L_Start))*(L_Start<=EOMONTH('Calc'!$C21,0))*(((L_StatusN="ACTIVE")+((ISNUMBER(L_LWD))*(L_LWD>=EOMONTH('Calc'!$C21,0))))>0)*((L_TypeN=UPPER(FiltCat))+(FiltCat="All"))*(L_InP=1)))) | D21: =IF('Calc'!$H$2+'Calc'!$I$2>0,"",IF('Calc'!$C21="","",SUMPRODUCT((P_StatusN="INACTIVE")*(ISNUMBER(P_LWD))*(P_LWD>='Calc'!$C21)*(P_LWD<EDATE('Calc'!$C21,1))*((P_TypeN=UPPER(FiltCat))+(FiltCat="All")))+SUMPRODUCT((L_StatusN="INACTIVE")*(ISNUMBER(L_LWD))*(L_LWD>='Calc'!$C21)*(L_LWD<EDATE('Calc'!$C21,1))*((L_TypeN=UPPER(FiltCat))+(FiltCat="All")))-SUMPRODUCT((L_StatusN="INACTIVE")*(ISNUMBER(L_LWD))*(L_LWD>='Calc'!$C21)*(L_LWD<EDATE('Calc'!$C21,1))*((L_TypeN=UPPER(FiltCat))+(FiltCat="All"))*(L_InP=1)*(L_TwinIna=1)))) | E21: =IF('Calc'!$H$2+'Calc'!$I$2>0,"",IF('Calc'!$C21="","",SUMPRODUCT((P_StatusN="INACTIVE")*(ISNUMBER(P_LWD))*(P_LWD>='Calc'!$C21)*(P_LWD<EDATE('Calc'!$C21,1))*((P_TypeN="PERM")))+SUMPRODUCT((L_StatusN="INACTIVE")*(ISNUMBER(L_LWD))*(L_LWD>='Calc'!$C21)*(L_LWD<EDATE('Calc'!$C21,1))*((L_TypeN="PERM")))-SUMPRODUCT((L_StatusN="INACTIVE")*(ISNUMBER(L_LWD))*(L_LWD>='Calc'!$C21)*(L_LWD<EDATE('Calc'!$C21,1))*((L_TypeN="PERM"))*(L_InP=1)*(L_TwinIna=1)))) | F21: =IF('Calc'!$H$2+'Calc'!$I$2>0,"",IF('Calc'!$C21="","",SUMPRODUCT((P_StatusN="INACTIVE")*(ISNUMBER(P_LWD))*(P_LWD>='Calc'!$C21)*(P_LWD<EDATE('Calc'!$C21,1))*((P_TypeN="PC")))+SUMPRODUCT((L_StatusN="INACTIVE")*(ISNUMBER(L_LWD))*(L_LWD>='Calc'!$C21)*(L_LWD<EDATE('Calc'!$C21,1))*((L_TypeN="PC")))-SUMPRODUCT((L_StatusN="INACTIVE")*(ISNUMBER(L_LWD))*(L_LWD>='Calc'!$C21)*(L_LWD<EDATE('Calc'!$C21,1))*((L_TypeN="PC"))*(L_InP=1)*(L_TwinIna=1)))) | G21: =IF('Calc'!$H$2+'Calc'!$I$2>0,"",IF('Calc'!$C21="","",SUMPRODUCT((P_StatusN="INACTIVE")*(ISNUMBER(P_LWD))*(P_LWD>='Calc'!$C21)*(P_LWD<EDATE('Calc'!$C21,1))*((P_TypeN="MS")))+SUMPRODUCT((L_StatusN="INACTIVE")*(ISNUMBER(L_LWD))*(L_LWD>='Calc'!$C21)*(L_LWD<EDATE('Calc'!$C21,1))*((L_TypeN="MS")))-SUMPRODUCT((L_StatusN="INACTIVE")*(ISNUMBER(L_LWD))*(L_LWD>='Calc'!$C21)*(L_LWD<EDATE('Calc'!$C21,1))*((L_TypeN="MS"))*(L_InP=1)*(L_TwinIna=1)))) | H21: =IF('Calc'!$H$2+'Calc'!$I$2>0,"",IF('Calc'!$C21="","",SUMPRODUCT((ISNUMBER(P_Start))*(P_Start>='Calc'!$C21)*(P_Start<EDATE('Calc'!$C21,1))*((P_TypeN=UPPER(FiltCat))+(FiltCat="All")))+SUMPRODUCT((ISNUMBER(L_Start))*(L_Start>='Calc'!$C21)*(L_Start<EDATE('Calc'!$C21,1))*((L_TypeN=UPPER(FiltCat))+(FiltCat="All")))-SUMPRODUCT((ISNUMBER(L_Start))*(L_Start>='Calc'!$C21)*(L_Start<EDATE('Calc'!$C21,1))*((L_TypeN=UPPER(FiltCat))+(FiltCat="All"))*(L_InP=1))))
B22: =IF('Calc'!$H$2+'Calc'!$I$2>0,"",IF('Calc'!$C22="","",TEXT('Calc'!$C22,"yyyy-mm"))) | C22: =IF('Calc'!$H$2+'Calc'!$I$2>0,"",IF('Calc'!$C22="","",SUMPRODUCT((ISNUMBER(P_Start))*(P_Start<=EOMONTH('Calc'!$C22,0))*(((P_StatusN="ACTIVE")+((ISNUMBER(P_LWD))*(P_LWD>=EOMONTH('Calc'!$C22,0))))>0)*((P_TypeN=UPPER(FiltCat))+(FiltCat="All")))+SUMPRODUCT((ISNUMBER(L_Start))*(L_Start<=EOMONTH('Calc'!$C22,0))*(((L_StatusN="ACTIVE")+((ISNUMBER(L_LWD))*(L_LWD>=EOMONTH('Calc'!$C22,0))))>0)*((L_TypeN=UPPER(FiltCat))+(FiltCat="All")))-SUMPRODUCT((ISNUMBER(L_Start))*(L_Start<=EOMONTH('Calc'!$C22,0))*(((L_StatusN="ACTIVE")+((ISNUMBER(L_LWD))*(L_LWD>=EOMONTH('Calc'!$C22,0))))>0)*((L_TypeN=UPPER(FiltCat))+(FiltCat="All"))*(L_InP=1)))) | D22: =IF('Calc'!$H$2+'Calc'!$I$2>0,"",IF('Calc'!$C22="","",SUMPRODUCT((P_StatusN="INACTIVE")*(ISNUMBER(P_LWD))*(P_LWD>='Calc'!$C22)*(P_LWD<EDATE('Calc'!$C22,1))*((P_TypeN=UPPER(FiltCat))+(FiltCat="All")))+SUMPRODUCT((L_StatusN="INACTIVE")*(ISNUMBER(L_LWD))*(L_LWD>='Calc'!$C22)*(L_LWD<EDATE('Calc'!$C22,1))*((L_TypeN=UPPER(FiltCat))+(FiltCat="All")))-SUMPRODUCT((L_StatusN="INACTIVE")*(ISNUMBER(L_LWD))*(L_LWD>='Calc'!$C22)*(L_LWD<EDATE('Calc'!$C22,1))*((L_TypeN=UPPER(FiltCat))+(FiltCat="All"))*(L_InP=1)*(L_TwinIna=1)))) | E22: =IF('Calc'!$H$2+'Calc'!$I$2>0,"",IF('Calc'!$C22="","",SUMPRODUCT((P_StatusN="INACTIVE")*(ISNUMBER(P_LWD))*(P_LWD>='Calc'!$C22)*(P_LWD<EDATE('Calc'!$C22,1))*((P_TypeN="PERM")))+SUMPRODUCT((L_StatusN="INACTIVE")*(ISNUMBER(L_LWD))*(L_LWD>='Calc'!$C22)*(L_LWD<EDATE('Calc'!$C22,1))*((L_TypeN="PERM")))-SUMPRODUCT((L_StatusN="INACTIVE")*(ISNUMBER(L_LWD))*(L_LWD>='Calc'!$C22)*(L_LWD<EDATE('Calc'!$C22,1))*((L_TypeN="PERM"))*(L_InP=1)*(L_TwinIna=1)))) | F22: =IF('Calc'!$H$2+'Calc'!$I$2>0,"",IF('Calc'!$C22="","",SUMPRODUCT((P_StatusN="INACTIVE")*(ISNUMBER(P_LWD))*(P_LWD>='Calc'!$C22)*(P_LWD<EDATE('Calc'!$C22,1))*((P_TypeN="PC")))+SUMPRODUCT((L_StatusN="INACTIVE")*(ISNUMBER(L_LWD))*(L_LWD>='Calc'!$C22)*(L_LWD<EDATE('Calc'!$C22,1))*((L_TypeN="PC")))-SUMPRODUCT((L_StatusN="INACTIVE")*(ISNUMBER(L_LWD))*(L_LWD>='Calc'!$C22)*(L_LWD<EDATE('Calc'!$C22,1))*((L_TypeN="PC"))*(L_InP=1)*(L_TwinIna=1)))) | G22: =IF('Calc'!$H$2+'Calc'!$I$2>0,"",IF('Calc'!$C22="","",SUMPRODUCT((P_StatusN="INACTIVE")*(ISNUMBER(P_LWD))*(P_LWD>='Calc'!$C22)*(P_LWD<EDATE('Calc'!$C22,1))*((P_TypeN="MS")))+SUMPRODUCT((L_StatusN="INACTIVE")*(ISNUMBER(L_LWD))*(L_LWD>='Calc'!$C22)*(L_LWD<EDATE('Calc'!$C22,1))*((L_TypeN="MS")))-SUMPRODUCT((L_StatusN="INACTIVE")*(ISNUMBER(L_LWD))*(L_LWD>='Calc'!$C22)*(L_LWD<EDATE('Calc'!$C22,1))*((L_TypeN="MS"))*(L_InP=1)*(L_TwinIna=1)))) | H22: =IF('Calc'!$H$2+'Calc'!$I$2>0,"",IF('Calc'!$C22="","",SUMPRODUCT((ISNUMBER(P_Start))*(P_Start>='Calc'!$C22)*(P_Start<EDATE('Calc'!$C22,1))*((P_TypeN=UPPER(FiltCat))+(FiltCat="All")))+SUMPRODUCT((ISNUMBER(L_Start))*(L_Start>='Calc'!$C22)*(L_Start<EDATE('Calc'!$C22,1))*((L_TypeN=UPPER(FiltCat))+(FiltCat="All")))-SUMPRODUCT((ISNUMBER(L_Start))*(L_Start>='Calc'!$C22)*(L_Start<EDATE('Calc'!$C22,1))*((L_TypeN=UPPER(FiltCat))+(FiltCat="All"))*(L_InP=1))))
... B52: =IF('Calc'!$H$2+'Calc'!$I$2>0,"",IF('Calc'!$C52="","",TEXT('Calc'!$C52,"yyyy-mm"))) | C52: =IF('Calc'!$H$2+'Calc'!$I$2>0,"",IF('Calc'!$C52="","",SUMPRODUCT((ISNUMBER(P_Start))*(P_Start<=EOMONTH('Calc'!$C52,0))*(((P_StatusN="ACTIVE")+((ISNUMBER(P_LWD))*(P_LWD>=EOMONTH('Calc'!$C52,0))))>0)*((P_TypeN=UPPER(FiltCat))+(FiltCat="All")))+SUMPRODUCT((ISNUMBER(L_Start))*(L_Start<=EOMONTH('Calc'!$C52,0))*(((L_StatusN="ACTIVE")+((ISNUMBER(L_LWD))*(L_LWD>=EOMONTH('Calc'!$C52,0))))>0)*((L_TypeN=UPPER(FiltCat))+(FiltCat="All")))-SUMPRODUCT((ISNUMBER(L_Start))*(L_Start<=EOMONTH('Calc'!$C52,0))*(((L_StatusN="ACTIVE")+((ISNUMBER(L_LWD))*(L_LWD>=EOMONTH('Calc'!$C52,0))))>0)*((L_TypeN=UPPER(FiltCat))+(FiltCat="All"))*(L_InP=1)))) | D52: =IF('Calc'!$H$2+'Calc'!$I$2>0,"",IF('Calc'!$C52="","",SUMPRODUCT((P_StatusN="INACTIVE")*(ISNUMBER(P_LWD))*(P_LWD>='Calc'!$C52)*(P_LWD<EDATE('Calc'!$C52,1))*((P_TypeN=UPPER(FiltCat))+(FiltCat="All")))+SUMPRODUCT((L_StatusN="INACTIVE")*(ISNUMBER(L_LWD))*(L_LWD>='Calc'!$C52)*(L_LWD<EDATE('Calc'!$C52,1))*((L_TypeN=UPPER(FiltCat))+(FiltCat="All")))-SUMPRODUCT((L_StatusN="INACTIVE")*(ISNUMBER(L_LWD))*(L_LWD>='Calc'!$C52)*(L_LWD<EDATE('Calc'!$C52,1))*((L_TypeN=UPPER(FiltCat))+(FiltCat="All"))*(L_InP=1)*(L_TwinIna=1)))) | E52: =IF('Calc'!$H$2+'Calc'!$I$2>0,"",IF('Calc'!$C52="","",SUMPRODUCT((P_StatusN="INACTIVE")*(ISNUMBER(P_LWD))*(P_LWD>='Calc'!$C52)*(P_LWD<EDATE('Calc'!$C52,1))*((P_TypeN="PERM")))+SUMPRODUCT((L_StatusN="INACTIVE")*(ISNUMBER(L_LWD))*(L_LWD>='Calc'!$C52)*(L_LWD<EDATE('Calc'!$C52,1))*((L_TypeN="PERM")))-SUMPRODUCT((L_StatusN="INACTIVE")*(ISNUMBER(L_LWD))*(L_LWD>='Calc'!$C52)*(L_LWD<EDATE('Calc'!$C52,1))*((L_TypeN="PERM"))*(L_InP=1)*(L_TwinIna=1)))) | F52: =IF('Calc'!$H$2+'Calc'!$I$2>0,"",IF('Calc'!$C52="","",SUMPRODUCT((P_StatusN="INACTIVE")*(ISNUMBER(P_LWD))*(P_LWD>='Calc'!$C52)*(P_LWD<EDATE('Calc'!$C52,1))*((P_TypeN="PC")))+SUMPRODUCT((L_StatusN="INACTIVE")*(ISNUMBER(L_LWD))*(L_LWD>='Calc'!$C52)*(L_LWD<EDATE('Calc'!$C52,1))*((L_TypeN="PC")))-SUMPRODUCT((L_StatusN="INACTIVE")*(ISNUMBER(L_LWD))*(L_LWD>='Calc'!$C52)*(L_LWD<EDATE('Calc'!$C52,1))*((L_TypeN="PC"))*(L_InP=1)*(L_TwinIna=1)))) | G52: =IF('Calc'!$H$2+'Calc'!$I$2>0,"",IF('Calc'!$C52="","",SUMPRODUCT((P_StatusN="INACTIVE")*(ISNUMBER(P_LWD))*(P_LWD>='Calc'!$C52)*(P_LWD<EDATE('Calc'!$C52,1))*((P_TypeN="MS")))+SUMPRODUCT((L_StatusN="INACTIVE")*(ISNUMBER(L_LWD))*(L_LWD>='Calc'!$C52)*(L_LWD<EDATE('Calc'!$C52,1))*((L_TypeN="MS")))-SUMPRODUCT((L_StatusN="INACTIVE")*(ISNUMBER(L_LWD))*(L_LWD>='Calc'!$C52)*(L_LWD<EDATE('Calc'!$C52,1))*((L_TypeN="MS"))*(L_InP=1)*(L_TwinIna=1)))) | H52: =IF('Calc'!$H$2+'Calc'!$I$2>0,"",IF('Calc'!$C52="","",SUMPRODUCT((ISNUMBER(P_Start))*(P_Start>='Calc'!$C52)*(P_Start<EDATE('Calc'!$C52,1))*((P_TypeN=UPPER(FiltCat))+(FiltCat="All")))+SUMPRODUCT((ISNUMBER(L_Start))*(L_Start>='Calc'!$C52)*(L_Start<EDATE('Calc'!$C52,1))*((L_TypeN=UPPER(FiltCat))+(FiltCat="All")))-SUMPRODUCT((ISNUMBER(L_Start))*(L_Start>='Calc'!$C52)*(L_Start<EDATE('Calc'!$C52,1))*((L_TypeN=UPPER(FiltCat))+(FiltCat="All"))*(L_InP=1))))
B53: Total | C53: — | D53: =SUM(D5:D52) | E53: =SUM(E5:E52) | F53: =SUM(F5:F52) | G53: =SUM(G5:G52) | H53: =SUM(H5:H52)

Sheet Data_Profile
B2: Data_Profile (paste '1. IBGT Profile' rows here)
B3: Copy the data from your '1. IBGT Profile' sheet and paste it here - headers at B4, or data only at B5. Prefer Paste Values so dates stay real dates.
B4: StaffID | C4: 1BankID | D4: Status | E4: Full Name | F4: Chinese Name | G4: Platform working on (currently | H4: Squad working on (currently | I4: Vendor | J4: Type | K4: Level | L4: JF with function | M4: Job function | N4: Gender | O4: Perm / PC / MS | P4: Role | Q4: Tenure | R4: Staff start date | S4: Contract end date | T4: IBG/FRT | U4: Reporting manager. | V4: PLATFORM (Billing) | W4: PC code | X4: Dept CODE | Y4: Last workday.
B5: E0001 | C5: 1B0001 | D5: Active | E5: Zhang Wei | F5: 张伟 | G5: IBGT | H5: Design | I5: VendorA | K5: L3 | L5: Y | M5: Engineer | N5: M | O5: Perm | P5: Engineer | R5: 45299 | T5: IBG | U5: M01 | V5: IBGT | W5: PC01 | X5: D01
B6: E0002 | C6: 1B0002 | D6: Active | E6: Li Na | F6: 李娜 | G6: IBGT | H6: Test | I6: VendorA | K6: L2 | L6: Y | M6: Engineer | N6: F | O6: PC | P6: Engineer | R6: 45340 | T6: IBG | U6: M01 | V6: IBGT | W6: PC01 | X6: D01
B7: E0003 | C7: 1B0003 | D7: Inactive | E7: Wang Qiang | F7: 王强 | G7: IBGT | H7: Design | I7: VendorB | K7: L3 | L7: N | M7: Engineer | N7: M | O7: MS | P7: Engineer | R7: 45355 | T7: IBG | U7: M01 | V7: IBGT | W7: PC01 | X7: D01 | Y7: 45625
B8: E0004 | C8: 1B0004 | D8: Active | E8: Zhao Min | F8: 赵敏 | G8: IBGT | H8: Test | I8: VendorB | K8: L4 | L8: Y | M8: Lead | N8: F | O8: Perm | P8: Lead | R8: 45313 | T8: IBG | U8: M01 | V8: IBGT | W8: PC01 | X8: D01
B9: E0005 | C9: 1B0005 | D9: Inactive | E9: Liu Yang | F9: 刘洋 | G9: IBGT | H9: Design | I9: VendorA | K9: L2 | L9: Y | M9: Engineer | N9: M | O9: PC | P9: Engineer | R9: 45397 | T9: IBG | U9: M01 | V9: IBGT | W9: PC01 | X9: D01 | Y9: 45747
B10: E0006 | C10: 1B0006 | D10: Active | E10: Chen Jing | F10: 陈静 | G10: IBGT | H10: Qual | I10: VendorC | K10: L2 | L10: N | M10: Engineer | N10: F | O10: MS | P10: Engineer | R10: 45418 | T10: IBG | U10: M01 | V10: IBGT | W10: PC01 | X10: D01
B11: E0007 | C11: 1B0007 | D11: Inactive | E11: Yang Fan | F11: 杨帆 | G11: IBGT | H11: Design | I11: VendorA | K11: L3 | L11: Y | M11: Engineer | N11: M | O11: Perm | P11: Engineer | R11: 45453 | T11: IBG | U11: M01 | V11: IBGT | W11: PC01 | X11: D01 | Y11: 45838
B12: E0008 | C12: 1B0008 | D12: Active | E12: Zhou Ting | F12: 周婷 | G12: IBGT | H12: Test | I12: VendorB | K12: L2 | L12: Y | M12: Engineer | N12: F | O12: PC | P12: Engineer | R12: 45474 | T12: IBG | U12: M01 | V12: IBGT | W12: PC01 | X12: D01
B13: E0009 | C13: 1B0009 | D13: Inactive | E13: Wu Lei | F13: 吴磊 | G13: IBGT | H13: Qual | I13: VendorC | K13: L3 | L13: N | M13: Engineer | N13: M | O13: MS | P13: Engineer | R13: 45523 | T13: IBG | U13: M01 | V13: IBGT | W13: PC01 | X13: D01 | Y13: 46080
B14: E0010 | C14: 1B0010 | D14: Active | E14: Zheng Shuai | F14: 郑爽 | G14: IBGT | H14: Design | I14: VendorA | K14: L2 | L14: Y | M14: Engineer | N14: M | O14: Perm | P14: Engineer | R14: 45544 | T14: IBG | U14: M01 | V14: IBGT | W14: PC01 | X14: D01
B15: E0011 | C15: 1B0011 | D15: Inactive | E15: Feng Jun | F15: 冯军 | G15: IBGT | H15: Test | I15: VendorB | K15: L3 | L15: Y | M15: Engineer | N15: M | O15: PC | P15: Engineer | R15: 45621 | T15: IBG | U15: M01 | V15: IBGT | W15: PC01 | X15: D01 | Y15: 45930
B16: E0012 | C16: 1B0012 | D16: Active | E16: Xu Qing | F16: 许晴 | G16: IBGT | H16: Qual | I16: VendorC | K16: L2 | L16: N | M16: Engineer | N16: F | O16: MS | P16: Engineer | R16: 45663 | T16: IBG | U16: M01 | V16: IBGT | W16: PC01 | X16: D01
B17: E0013 | C17: 1B0013 | D17: Inactive | E17: He Chao | F17: 何超 | G17: IBGT | H17: Design | I17: VendorA | K17: L3 | L17: Y | M17: Engineer | N17: M | O17: Perm | P17: Engineer | R17: 45733 | T17: IBG | U17: M01 | V17: IBGT | W17: PC01 | X17: D01 | Y17: 46022
B18: E0014 | C18: 1B0014 | D18: Active | E18: Deng Zi | F18: 邓紫 | G18: IBGT | H18: Test | I18: VendorB | K18: L2 | L18: Y | M18: Engineer | N18: F | O18: PC | P18: Engineer | R18: 45782 | T18: IBG | U18: M01 | V18: IBGT | W18: PC01 | X18: D01
B19: E0015 | C19: 1B0015 | D19: Active | E19: Cao Ying | F19: 曹颖 | G19: IBGT | H19: Qual | I19: VendorC | K19: L2 | L19: N | M19: Engineer | N19: F | O19: MS | P19: Engineer | R19: 45852 | T19: IBG | U19: M01 | V19: IBGT | W19: PC01 | X19: D01
B20: E0016 | C20: 1B0016 | D20: Active | E20: Pan Shuai | F20: 潘帅 | G20: IBGT | H20: Design | I20: VendorA | K20: L2 | L20: Y | M20: Engineer | N20: M | O20: Perm | P20: Engineer | R20: 46033 | T20: IBG | U20: M01 | V20: IBGT | W20: PC01 | X20: D01
B21: E0017 | C21: 1B0017 | D21: Active | E21: Lin Yun | F21: 林允 | G21: IBGT | H21: Test | I21: VendorB | K21: L2 | L21: Y | M21: Engineer | N21: F | O21: PC | P21: Engineer | R21: 46132 | T21: IBG | U21: M01 | V21: IBGT | W21: PC01 | X21: D01
B22: E0018 | C22: 1B0018 | D22: Inactive | E22: Su Mang | F22: 苏芒 | G22: IBGT | H22: Qual | I22: VendorC | K22: L2 | L22: N | M22: Engineer | N22: F | O22: MS | P22: Engineer | R22: 46237 | T22: IBG | U22: M01 | V22: IBGT | W22: PC01 | X22: D01 | Y22: 46263

Sheet Data_Leavers
B2: Data_Leavers (paste Leaver history here)
B3: Copy all historical leavers from your '1.1 Leavers' sheet - headers at B4, or data only at B5. This sheet may stay empty if all leavers are already included in Data_Profile.
B4: StaffID | C4: 1BankID | D4: Status | E4: Full Name | F4: Chinese Name | G4: Platform working on (currently | H4: Squad working on (currently | I4: Vendor | J4: Type | K4: Level | L4: JF with function | M4: Job function | N4: Gender | O4: Perm / PC / MS | P4: Role | Q4: Tenure | R4: Staff start date | S4: Contract end date | T4: IBG/FRT | U4: Reporting manager. | V4: PLATFORM (Billing) | W4: PC code | X4: Dept CODE | Y4: Last workday.
B5: E0007 | C5: 1B0007 | D5: Inactive | E5: Yang Fan | F5: 杨帆 | G5: IBGT | H5: Design | I5: VendorA | K5: L3 | L5: Y | M5: Engineer | N5: M | O5: Perm | P5: Engineer | R5: 45453 | T5: IBG | U5: M01 | V5: IBGT | W5: PC01 | X5: D01 | Y5: 45838
B6: E9001 | C6: 1B9001 | D6: Inactive | E6: Gao Yuan | F6: 高远 | G6: IBGT | H6: Qual | I6: VendorC | K6: L2 | L6: N | M6: Engineer | N6: M | O6: MS | P6: Engineer | R6: 45323 | T6: IBG | U6: M01 | V6: IBGT | W6: PC01 | X6: D01 | Y6: 45672
B7: E9002 | C7: 1B9002 | D7: Inactive | E7: Tian Yu | F7: 田雨 | G7: IBGT | H7: Test | I7: VendorB | K7: L2 | L7: Y | M7: Engineer | N7: F | O7: perm | P7: Engineer | R7: 45691 | T7: IBG | U7: M01 | V7: IBGT | W7: PC01 | X7: D01 | Y7: 45954
B8: E9003 | C8: 1B9003 | D8: Inactive | E8: Qin Lan | F8: 秦岚 | G8: IBGT | H8: Design | I8: VendorA | K8: L3 | L8: Y | M8: Engineer | N8: F | O8: PC | P8: Engineer | R8: 45810 | T8: IBG | U8: M01 | V8: IBGT | W8: PC01 | X8: D01 | Y8: 46171

Sheet Guide
B2: Guide - IBGT Turnover Dashboard
B4: Quick Start
B5: 1. Open your 'IBGT Profile' workbook and copy the whole '1. IBGT Profile' table.
B6: 2. Paste it into the Data_Profile sheet: with headers at B4, or data only at B5. Prefer Paste Values so dates stay real dates.
B7: 3. Paste the Leavers history into Data_Leavers the same way (it may stay empty if all leavers are already included in Data_Profile).
B8: 4. On the Dashboard, switch cell C5 between All / Perm / PC / MS - KPI cards and the monthly detail follow instantly.
B9: 5. Everything recalculates automatically after data changes; press Ctrl+Alt+F9 to force a full recalc.
B11: Calculation Rules
B12: - Current headcount: Status = Active and the start date has passed. Anyone with Status = Inactive counts as a leaver; the Contract End Date is not used.
B13: - Leaving month: taken from Last Work Day. Leavers (a month) = Status Inactive with Last Work Day in that month.
B14: - Headcount EOM (a month): start date <= month end, and the person is Active, or Inactive with Last Work Day >= month end (the Last Work Day itself still counts as an active day).
B15: - Joiners (a month): Staff start date falls within that month, merged and deduplicated the same way.
... B19: Header Mapping (if your headers differ, edit column C; column D shows the match)
B20: Start Date column header | C20: Staff start date | D20: =IFERROR("Profile col "&MATCH($C20,'Data_Profile'!$4:$4,0)&" | Leavers col "&MATCH($C20,'Data_Leavers'!$4:$4,0),"Not found - edit column C")
B21: Last Work Day column header | C21: Last workday. | D21: =IFERROR("Profile col "&MATCH($C21,'Data_Profile'!$4:$4,0)&" | Leavers col "&MATCH($C21,'Data_Leavers'!$4:$4,0),"Not found - edit column C")
B22: Perm / PC / MS column header | C22: Perm / PC / MS | D22: =IFERROR("Profile col "&MATCH($C22,'Data_Profile'!$4:$4,0)&" | Leavers col "&MATCH($C22,'Data_Leavers'!$4:$4,0),"Not found - edit column C")
B23: Status column header | C23: Status | D23: (not used by the current rules)
B24: Staff ID column header | C24: StaffID | D24: =IFERROR("Profile col "&MATCH($C24,'Data_Profile'!$4:$4,0)&" | Leavers col "&MATCH($C24,'Data_Leavers'!$4:$4,0),"Not found - edit column C")
B26: Data Quality Checks
B27: Data_Profile rows | D27: =TEXT(SUMPRODUCT(--(P_ID<>"")),"0")&" rows"
B28: Data_Leavers rows | D28: =TEXT(SUMPRODUCT(--(L_ID<>"")),"0")&" rows"
B29: Profile rows with Last Work Day | D29: =TEXT(SUMPRODUCT((P_ID<>"")*ISNUMBER(P_LWD)),"0")&" leavers"
B30: Leavers also in Profile (deduped) | D30: =TEXT(SUMPRODUCT(--(L_InP=1)),"0")&" row(s)"
B31: Date anomalies (start / LWD) | D31: =TEXT(SUMPRODUCT((P_ID<>"")*(P_Start<>"")*(ISNUMBER(P_Start)=FALSE)),"0")&" / "&TEXT(SUMPRODUCT((P_ID<>"")*(P_LWD<>"")*(ISNUMBER(P_LWD)=FALSE)),"0")&" in Profile | "&TEXT(SUMPRODUCT((L_ID<>"")*(L_Start<>"")*(ISNUMBER(L_Start)=FALSE)),"0")&" / "&TEXT(SUMPRODUCT((L_ID<>"")*(L_LWD<>"")*(ISNUMBER(L_LWD)=FALSE)),"0")&" in Leavers"
B32: Rows with blank / other Status | D32: =IFERROR(TEXT(SUMPRODUCT((P_ID<>"")*(P_StatusN<>"ACTIVE")*(P_StatusN<>"INACTIVE"))+SUMPRODUCT((L_ID<>"")*(L_StatusN<>"ACTIVE")*(L_StatusN<>"INACTIVE")),"0")&" rows","Pending header mapping fix")
B33: FAQ
B34: Q: Data changed? A: Just paste over the data sheets; KPIs, tables and charts update automatically.
B35: Q: Need more than 48 months? A: The dashboard shows 48 months from the earliest start date; ask to extend the range if needed.
B36: Q: Types other than Perm/PC/MS? A: The Dashboard filter is fixed to All/Perm/PC/MS; align your data or ask to change the options.
B37: Q: What is the Calc sheet? A: A hidden helper sheet (type normalization and cross-table dedup). Do not delete it; right-click a sheet tab > Unhide to view.

Sheet Calc
A1: InProfile (auto) | B1: Profile Type normalized (auto) | C1: Month chain (auto) | D1: Leavers Type normalized (auto) | E1: Profile Status normalized (auto) | F1: Period filter options (auto) | G1: Leavers Status normalized (auto) | H1: H2: Profile headers missing flag | I1: I2: Leavers headers missing flag | J1: J: leaver whose Profile copy is also Inactive (auto)
H2: =IF(ISNA(MATCH(cfgStartHdr,'Data_Profile'!$4:$4,0))+ISNA(MATCH(cfgLWDHdr,'Data_Profile'!$4:$4,0))+ISNA(MATCH(cfgTypeHdr,'Data_Profile'!$4:$4,0))+ISNA(MATCH(cfgStatusHdr,'Data_Profile'!$4:$4,0))+ISNA(MATCH(cfgIDHdr,'Data_Profile'!$4:$4,0))>0,1,0) | I2: =IF(ISNA(MATCH(cfgStartHdr,'Data_Leavers'!$4:$4,0))+ISNA(MATCH(cfgLWDHdr,'Data_Leavers'!$4:$4,0))+ISNA(MATCH(cfgTypeHdr,'Data_Leavers'!$4:$4,0))+ISNA(MATCH(cfgStatusHdr,'Data_Leavers'!$4:$4,0))+ISNA(MATCH(cfgIDHdr,'Data_Leavers'!$4:$4,0))>0,1,0) | J2: K2 SelStart / K3 SelEnd / K4 AsOf (from FiltPeriod) | K2: =IFERROR(IF(OR(FiltPeriod="All",FiltPeriod=""),$C$5,IF(LEN(FiltPeriod)=4,DATE(VALUE(FiltPeriod),1,1),DATE(VALUE(LEFT(FiltPeriod,4)),VALUE(MID(FiltPeriod,6,2)),1))),"")
K3: =IFERROR(IF(OR(FiltPeriod="All",FiltPeriod=""),"",IF(LEN(FiltPeriod)=4,DATE(VALUE(FiltPeriod),12,31),EOMONTH(DATE(VALUE(LEFT(FiltPeriod,4)),VALUE(MID(FiltPeriod,6,2)),1),0))),"")
K4: =IF($K$3="",TODAY(),$K$3)
A5: =IF(INDEX(L_ID,ROW()-4)="","",IF(COUNTIF(P_ID,INDEX(L_ID,ROW()-4))>0,1,0)) | B5: =IF(INDEX(P_Type,ROW()-4)="","",TRIM(UPPER(INDEX(P_Type,ROW()-4)))) | C5: =IF($H$2+$I$2>0,"",IF(COUNT(P_Start)+COUNT(L_Start)=0,"",DATE(YEAR(MIN(P_Start,L_Start)),MONTH(MIN(P_Start,L_Start)),1))) | D5: =IF(INDEX(L_Type,ROW()-4)="","",TRIM(UPPER(INDEX(L_Type,ROW()-4)))) | E5: =IF(INDEX(P_Status,ROW()-4)="","",TRIM(UPPER(INDEX(P_Status,ROW()-4)))) | F5: All | G5: =IF(INDEX(L_Status,ROW()-4)="","",TRIM(UPPER(INDEX(L_Status,ROW()-4)))) | J5: =IF(INDEX(L_ID,ROW()-4)="","",IF(SUMPRODUCT((P_ID=INDEX(L_ID,ROW()-4))*(P_StatusN="INACTIVE"))>0,1,0))
A6: =IF(INDEX(L_ID,ROW()-4)="","",IF(COUNTIF(P_ID,INDEX(L_ID,ROW()-4))>0,1,0)) | B6: =IF(INDEX(P_Type,ROW()-4)="","",TRIM(UPPER(INDEX(P_Type,ROW()-4)))) | C6: =IF($C$5="","",EDATE(C5,1)) | D6: =IF(INDEX(L_Type,ROW()-4)="","",TRIM(UPPER(INDEX(L_Type,ROW()-4)))) | E6: =IF(INDEX(P_Status,ROW()-4)="","",TRIM(UPPER(INDEX(P_Status,ROW()-4)))) | F6: =IF($C$5="","",IF(YEAR(EDATE($C$5,12*0))>YEAR(EDATE($C$5,47)),"",YEAR(EDATE($C$5,12*0)))) | G6: =IF(INDEX(L_Status,ROW()-4)="","",TRIM(UPPER(INDEX(L_Status,ROW()-4)))) | J6: =IF(INDEX(L_ID,ROW()-4)="","",IF(SUMPRODUCT((P_ID=INDEX(L_ID,ROW()-4))*(P_StatusN="INACTIVE"))>0,1,0))
A7: =IF(INDEX(L_ID,ROW()-4)="","",IF(COUNTIF(P_ID,INDEX(L_ID,ROW()-4))>0,1,0)) | B7: =IF(INDEX(P_Type,ROW()-4)="","",TRIM(UPPER(INDEX(P_Type,ROW()-4)))) | C7: =IF($C$5="","",EDATE(C6,1)) | D7: =IF(INDEX(L_Type,ROW()-4)="","",TRIM(UPPER(INDEX(L_Type,ROW()-4)))) | E7: =IF(INDEX(P_Status,ROW()-4)="","",TRIM(UPPER(INDEX(P_Status,ROW()-4)))) | F7: =IF($C$5="","",IF(YEAR(EDATE($C$5,12*1))>YEAR(EDATE($C$5,47)),"",YEAR(EDATE($C$5,12*1)))) | G7: =IF(INDEX(L_Status,ROW()-4)="","",TRIM(UPPER(INDEX(L_Status,ROW()-4)))) | J7: =IF(INDEX(L_ID,ROW()-4)="","",IF(SUMPRODUCT((P_ID=INDEX(L_ID,ROW()-4))*(P_StatusN="INACTIVE"))>0,1,0))
A8: =IF(INDEX(L_ID,ROW()-4)="","",IF(COUNTIF(P_ID,INDEX(L_ID,ROW()-4))>0,1,0)) | B8: =IF(INDEX(P_Type,ROW()-4)="","",TRIM(UPPER(INDEX(P_Type,ROW()-4)))) | C8: =IF($C$5="","",EDATE(C7,1)) | D8: =IF(INDEX(L_Type,ROW()-4)="","",TRIM(UPPER(INDEX(L_Type,ROW()-4)))) | E8: =IF(INDEX(P_Status,ROW()-4)="","",TRIM(UPPER(INDEX(P_Status,ROW()-4)))) | F8: =IF($C$5="","",IF(YEAR(EDATE($C$5,12*2))>YEAR(EDATE($C$5,47)),"",YEAR(EDATE($C$5,12*2)))) | G8: =IF(INDEX(L_Status,ROW()-4)="","",TRIM(UPPER(INDEX(L_Status,ROW()-4)))) | J8: =IF(INDEX(L_ID,ROW()-4)="","",IF(SUMPRODUCT((P_ID=INDEX(L_ID,ROW()-4))*(P_StatusN="INACTIVE"))>0,1,0))
A9: =IF(INDEX(L_ID,ROW()-4)="","",IF(COUNTIF(P_ID,INDEX(L_ID,ROW()-4))>0,1,0)) | B9: =IF(INDEX(P_Type,ROW()-4)="","",TRIM(UPPER(INDEX(P_Type,ROW()-4)))) | C9: =IF($C$5="","",EDATE(C8,1)) | D9: =IF(INDEX(L_Type,ROW()-4)="","",TRIM(UPPER(INDEX(L_Type,ROW()-4)))) | E9: =IF(INDEX(P_Status,ROW()-4)="","",TRIM(UPPER(INDEX(P_Status,ROW()-4)))) | F9: =IF($C$5="","",IF(YEAR(EDATE($C$5,12*3))>YEAR(EDATE($C$5,47)),"",YEAR(EDATE($C$5,12*3)))) | G9: =IF(INDEX(L_Status,ROW()-4)="","",TRIM(UPPER(INDEX(L_Status,ROW()-4)))) | J9: =IF(INDEX(L_ID,ROW()-4)="","",IF(SUMPRODUCT((P_ID=INDEX(L_ID,ROW()-4))*(P_StatusN="INACTIVE"))>0,1,0))
A10: =IF(INDEX(L_ID,ROW()-4)="","",IF(COUNTIF(P_ID,INDEX(L_ID,ROW()-4))>0,1,0)) | B10: =IF(INDEX(P_Type,ROW()-4)="","",TRIM(UPPER(INDEX(P_Type,ROW()-4)))) | C10: =IF($C$5="","",EDATE(C9,1)) | D10: =IF(INDEX(L_Type,ROW()-4)="","",TRIM(UPPER(INDEX(L_Type,ROW()-4)))) | E10: =IF(INDEX(P_Status,ROW()-4)="","",TRIM(UPPER(INDEX(P_Status,ROW()-4)))) | F10: =IF($C$5="","",IF(YEAR(EDATE($C$5,12*4))>YEAR(EDATE($C$5,47)),"",YEAR(EDATE($C$5,12*4)))) | G10: =IF(INDEX(L_Status,ROW()-4)="","",TRIM(UPPER(INDEX(L_Status,ROW()-4)))) | J10: =IF(INDEX(L_ID,ROW()-4)="","",IF(SUMPRODUCT((P_ID=INDEX(L_ID,ROW()-4))*(P_StatusN="INACTIVE"))>0,1,0))
A11: =IF(INDEX(L_ID,ROW()-4)="","",IF(COUNTIF(P_ID,INDEX(L_ID,ROW()-4))>0,1,0)) | B11: =IF(INDEX(P_Type,ROW()-4)="","",TRIM(UPPER(INDEX(P_Type,ROW()-4)))) | C11: =IF($C$5="","",EDATE(C10,1)) | D11: =IF(INDEX(L_Type,ROW()-4)="","",TRIM(UPPER(INDEX(L_Type,ROW()-4)))) | E11: =IF(INDEX(P_Status,ROW()-4)="","",TRIM(UPPER(INDEX(P_Status,ROW()-4)))) | F11: =IF($C$5="","",TEXT($C$5,"yyyy-mm")) | G11: =IF(INDEX(L_Status,ROW()-4)="","",TRIM(UPPER(INDEX(L_Status,ROW()-4)))) | J11: =IF(INDEX(L_ID,ROW()-4)="","",IF(SUMPRODUCT((P_ID=INDEX(L_ID,ROW()-4))*(P_StatusN="INACTIVE"))>0,1,0))
A12: =IF(INDEX(L_ID,ROW()-4)="","",IF(COUNTIF(P_ID,INDEX(L_ID,ROW()-4))>0,1,0)) | B12: =IF(INDEX(P_Type,ROW()-4)="","",TRIM(UPPER(INDEX(P_Type,ROW()-4)))) | C12: =IF($C$5="","",EDATE(C11,1)) | D12: =IF(INDEX(L_Type,ROW()-4)="","",TRIM(UPPER(INDEX(L_Type,ROW()-4)))) | E12: =IF(INDEX(P_Status,ROW()-4)="","",TRIM(UPPER(INDEX(P_Status,ROW()-4)))) | F12: =IF($C$6="","",TEXT($C$6,"yyyy-mm")) | G12: =IF(INDEX(L_Status,ROW()-4)="","",TRIM(UPPER(INDEX(L_Status,ROW()-4)))) | J12: =IF(INDEX(L_ID,ROW()-4)="","",IF(SUMPRODUCT((P_ID=INDEX(L_ID,ROW()-4))*(P_StatusN="INACTIVE"))>0,1,0))
A13: =IF(INDEX(L_ID,ROW()-4)="","",IF(COUNTIF(P_ID,INDEX(L_ID,ROW()-4))>0,1,0)) | B13: =IF(INDEX(P_Type,ROW()-4)="","",TRIM(UPPER(INDEX(P_Type,ROW()-4)))) | C13: =IF($C$5="","",EDATE(C12,1)) | D13: =IF(INDEX(L_Type,ROW()-4)="","",TRIM(UPPER(INDEX(L_Type,ROW()-4)))) | E13: =IF(INDEX(P_Status,ROW()-4)="","",TRIM(UPPER(INDEX(P_Status,ROW()-4)))) | F13: =IF($C$7="","",TEXT($C$7,"yyyy-mm")) | G13: =IF(INDEX(L_Status,ROW()-4)="","",TRIM(UPPER(INDEX(L_Status,ROW()-4)))) | J13: =IF(INDEX(L_ID,ROW()-4)="","",IF(SUMPRODUCT((P_ID=INDEX(L_ID,ROW()-4))*(P_StatusN="INACTIVE"))>0,1,0))
A14: =IF(INDEX(L_ID,ROW()-4)="","",IF(COUNTIF(P_ID,INDEX(L_ID,ROW()-4))>0,1,0)) | B14: =IF(INDEX(P_Type,ROW()-4)="","",TRIM(UPPER(INDEX(P_Type,ROW()-4)))) | C14: =IF($C$5="","",EDATE(C13,1)) | D14: =IF(INDEX(L_Type,ROW()-4)="","",TRIM(UPPER(INDEX(L_Type,ROW()-4)))) | E14: =IF(INDEX(P_Status,ROW()-4)="","",TRIM(UPPER(INDEX(P_Status,ROW()-4)))) | F14: =IF($C$8="","",TEXT($C$8,"yyyy-mm")) | G14: =IF(INDEX(L_Status,ROW()-4)="","",TRIM(UPPER(INDEX(L_Status,ROW()-4)))) | J14: =IF(INDEX(L_ID,ROW()-4)="","",IF(SUMPRODUCT((P_ID=INDEX(L_ID,ROW()-4))*(P_StatusN="INACTIVE"))>0,1,0))
A15: =IF(INDEX(L_ID,ROW()-4)="","",IF(COUNTIF(P_ID,INDEX(L_ID,ROW()-4))>0,1,0)) | B15: =IF(INDEX(P_Type,ROW()-4)="","",TRIM(UPPER(INDEX(P_Type,ROW()-4)))) | C15: =IF($C$5="","",EDATE(C14,1)) | D15: =IF(INDEX(L_Type,ROW()-4)="","",TRIM(UPPER(INDEX(L_Type,ROW()-4)))) | E15: =IF(INDEX(P_Status,ROW()-4)="","",TRIM(UPPER(INDEX(P_Status,ROW()-4)))) | F15: =IF($C$9="","",TEXT($C$9,"yyyy-mm")) | G15: =IF(INDEX(L_Status,ROW()-4)="","",TRIM(UPPER(INDEX(L_Status,ROW()-4)))) | J15: =IF(INDEX(L_ID,ROW()-4)="","",IF(SUMPRODUCT((P_ID=INDEX(L_ID,ROW()-4))*(P_StatusN="INACTIVE"))>0,1,0))
A16: =IF(INDEX(L_ID,ROW()-4)="","",IF(COUNTIF(P_ID,INDEX(L_ID,ROW()-4))>0,1,0)) | B16: =IF(INDEX(P_Type,ROW()-4)="","",TRIM(UPPER(INDEX(P_Type,ROW()-4)))) | C16: =IF($C$5="","",EDATE(C15,1)) | D16: =IF(INDEX(L_Type,ROW()-4)="","",TRIM(UPPER(INDEX(L_Type,ROW()-4)))) | E16: =IF(INDEX(P_Status,ROW()-4)="","",TRIM(UPPER(INDEX(P_Status,ROW()-4)))) | F16: =IF($C$10="","",TEXT($C$10,"yyyy-mm")) | G16: =IF(INDEX(L_Status,ROW()-4)="","",TRIM(UPPER(INDEX(L_Status,ROW()-4)))) | J16: =IF(INDEX(L_ID,ROW()-4)="","",IF(SUMPRODUCT((P_ID=INDEX(L_ID,ROW()-4))*(P_StatusN="INACTIVE"))>0,1,0))
A17: =IF(INDEX(L_ID,ROW()-4)="","",IF(COUNTIF(P_ID,INDEX(L_ID,ROW()-4))>0,1,0)) | B17: =IF(INDEX(P_Type,ROW()-4)="","",TRIM(UPPER(INDEX(P_Type,ROW()-4)))) | C17: =IF($C$5="","",EDATE(C16,1)) | D17: =IF(INDEX(L_Type,ROW()-4)="","",TRIM(UPPER(INDEX(L_Type,ROW()-4)))) | E17: =IF(INDEX(P_Status,ROW()-4)="","",TRIM(UPPER(INDEX(P_Status,ROW()-4)))) | F17: =IF($C$11="","",TEXT($C$11,"yyyy-mm")) | G17: =IF(INDEX(L_Status,ROW()-4)="","",TRIM(UPPER(INDEX(L_Status,ROW()-4)))) | J17: =IF(INDEX(L_ID,ROW()-4)="","",IF(SUMPRODUCT((P_ID=INDEX(L_ID,ROW()-4))*(P_StatusN="INACTIVE"))>0,1,0))
A18: =IF(INDEX(L_ID,ROW()-4)="","",IF(COUNTIF(P_ID,INDEX(L_ID,ROW()-4))>0,1,0)) | B18: =IF(INDEX(P_Type,ROW()-4)="","",TRIM(UPPER(INDEX(P_Type,ROW()-4)))) | C18: =IF($C$5="","",EDATE(C17,1)) | D18: =IF(INDEX(L_Type,ROW()-4)="","",TRIM(UPPER(INDEX(L_Type,ROW()-4)))) | E18: =IF(INDEX(P_Status,ROW()-4)="","",TRIM(UPPER(INDEX(P_Status,ROW()-4)))) | F18: =IF($C$12="","",TEXT($C$12,"yyyy-mm")) | G18: =IF(INDEX(L_Status,ROW()-4)="","",TRIM(UPPER(INDEX(L_Status,ROW()-4)))) | J18: =IF(INDEX(L_ID,ROW()-4)="","",IF(SUMPRODUCT((P_ID=INDEX(L_ID,ROW()-4))*(P_StatusN="INACTIVE"))>0,1,0))
A19: =IF(INDEX(L_ID,ROW()-4)="","",IF(COUNTIF(P_ID,INDEX(L_ID,ROW()-4))>0,1,0)) | B19: =IF(INDEX(P_Type,ROW()-4)="","",TRIM(UPPER(INDEX(P_Type,ROW()-4)))) | C19: =IF($C$5="","",EDATE(C18,1)) | D19: =IF(INDEX(L_Type,ROW()-4)="","",TRIM(UPPER(INDEX(L_Type,ROW()-4)))) | E19: =IF(INDEX(P_Status,ROW()-4)="","",TRIM(UPPER(INDEX(P_Status,ROW()-4)))) | F19: =IF($C$13="","",TEXT($C$13,"yyyy-mm")) | G19: =IF(INDEX(L_Status,ROW()-4)="","",TRIM(UPPER(INDEX(L_Status,ROW()-4)))) | J19: =IF(INDEX(L_ID,ROW()-4)="","",IF(SUMPRODUCT((P_ID=INDEX(L_ID,ROW()-4))*(P_StatusN="INACTIVE"))>0,1,0))
A20: =IF(INDEX(L_ID,ROW()-4)="","",IF(COUNTIF(P_ID,INDEX(L_ID,ROW()-4))>0,1,0)) | B20: =IF(INDEX(P_Type,ROW()-4)="","",TRIM(UPPER(INDEX(P_Type,ROW()-4)))) | C20: =IF($C$5="","",EDATE(C19,1)) | D20: =IF(INDEX(L_Type,ROW()-4)="","",TRIM(UPPER(INDEX(L_Type,ROW()-4)))) | E20: =IF(INDEX(P_Status,ROW()-4)="","",TRIM(UPPER(INDEX(P_Status,ROW()-4)))) | F20: =IF($C$14="","",TEXT($C$14,"yyyy-mm")) | G20: =IF(INDEX(L_Status,ROW()-4)="","",TRIM(UPPER(INDEX(L_Status,ROW()-4)))) | J20: =IF(INDEX(L_ID,ROW()-4)="","",IF(SUMPRODUCT((P_ID=INDEX(L_ID,ROW()-4))*(P_StatusN="INACTIVE"))>0,1,0))
A21: =IF(INDEX(L_ID,ROW()-4)="","",IF(COUNTIF(P_ID,INDEX(L_ID,ROW()-4))>0,1,0)) | B21: =IF(INDEX(P_Type,ROW()-4)="","",TRIM(UPPER(INDEX(P_Type,ROW()-4)))) | C21: =IF($C$5="","",EDATE(C20,1)) | D21: =IF(INDEX(L_Type,ROW()-4)="","",TRIM(UPPER(INDEX(L_Type,ROW()-4)))) | E21: =IF(INDEX(P_Status,ROW()-4)="","",TRIM(UPPER(INDEX(P_Status,ROW()-4)))) | F21: =IF($C$15="","",TEXT($C$15,"yyyy-mm")) | G21: =IF(INDEX(L_Status,ROW()-4)="","",TRIM(UPPER(INDEX(L_Status,ROW()-4)))) | J21: =IF(INDEX(L_ID,ROW()-4)="","",IF(SUMPRODUCT((P_ID=INDEX(L_ID,ROW()-4))*(P_StatusN="INACTIVE"))>0,1,0))
A22: =IF(INDEX(L_ID,ROW()-4)="","",IF(COUNTIF(P_ID,INDEX(L_ID,ROW()-4))>0,1,0)) | B22: =IF(INDEX(P_Type,ROW()-4)="","",TRIM(UPPER(INDEX(P_Type,ROW()-4)))) | C22: =IF($C$5="","",EDATE(C21,1)) | D22: =IF(INDEX(L_Type,ROW()-4)="","",TRIM(UPPER(INDEX(L_Type,ROW()-4)))) | E22: =IF(INDEX(P_Status,ROW()-4)="","",TRIM(UPPER(INDEX(P_Status,ROW()-4)))) | F22: =IF($C$16="","",TEXT($C$16,"yyyy-mm")) | G22: =IF(INDEX(L_Status,ROW()-4)="","",TRIM(UPPER(INDEX(L_Status,ROW()-4)))) | J22: =IF(INDEX(L_ID,ROW()-4)="","",IF(SUMPRODUCT((P_ID=INDEX(L_ID,ROW()-4))*(P_StatusN="INACTIVE"))>0,1,0))
A23: =IF(INDEX(L_ID,ROW()-4)="","",IF(COUNTIF(P_ID,INDEX(L_ID,ROW()-4))>0,1,0)) | B23: =IF(INDEX(P_Type,ROW()-4)="","",TRIM(UPPER(INDEX(P_Type,ROW()-4)))) | C23: =IF($C$5="","",EDATE(C22,1)) | D23: =IF(INDEX(L_Type,ROW()-4)="","",TRIM(UPPER(INDEX(L_Type,ROW()-4)))) | E23: =IF(INDEX(P_Status,ROW()-4)="","",TRIM(UPPER(INDEX(P_Status,ROW()-4)))) | F23: =IF($C$17="","",TEXT($C$17,"yyyy-mm")) | G23: =IF(INDEX(L_Status,ROW()-4)="","",TRIM(UPPER(INDEX(L_Status,ROW()-4)))) | J23: =IF(INDEX(L_ID,ROW()-4)="","",IF(SUMPRODUCT((P_ID=INDEX(L_ID,ROW()-4))*(P_StatusN="INACTIVE"))>0,1,0))
A24: =IF(INDEX(L_ID,ROW()-4)="","",IF(COUNTIF(P_ID,INDEX(L_ID,ROW()-4))>0,1,0)) | B24: =IF(INDEX(P_Type,ROW()-4)="","",TRIM(UPPER(INDEX(P_Type,ROW()-4)))) | C24: =IF($C$5="","",EDATE(C23,1)) | D24: =IF(INDEX(L_Type,ROW()-4)="","",TRIM(UPPER(INDEX(L_Type,ROW()-4)))) | E24: =IF(INDEX(P_Status,ROW()-4)="","",TRIM(UPPER(INDEX(P_Status,ROW()-4)))) | F24: =IF($C$18="","",TEXT($C$18,"yyyy-mm")) | G24: =IF(INDEX(L_Status,ROW()-4)="","",TRIM(UPPER(INDEX(L_Status,ROW()-4)))) | J24: =IF(INDEX(L_ID,ROW()-4)="","",IF(SUMPRODUCT((P_ID=INDEX(L_ID,ROW()-4))*(P_StatusN="INACTIVE"))>0,1,0))
A25: =IF(INDEX(L_ID,ROW()-4)="","",IF(COUNTIF(P_ID,INDEX(L_ID,ROW()-4))>0,1,0)) | B25: =IF(INDEX(P_Type,ROW()-4)="","",TRIM(UPPER(INDEX(P_Type,ROW()-4)))) | C25: =IF($C$5="","",EDATE(C24,1)) | D25: =IF(INDEX(L_Type,ROW()-4)="","",TRIM(UPPER(INDEX(L_Type,ROW()-4)))) | E25: =IF(INDEX(P_Status,ROW()-4)="","",TRIM(UPPER(INDEX(P_Status,ROW()-4)))) | F25: =IF($C$19="","",TEXT($C$19,"yyyy-mm")) | G25: =IF(INDEX(L_Status,ROW()-4)="","",TRIM(UPPER(INDEX(L_Status,ROW()-4)))) | J25: =IF(INDEX(L_ID,ROW()-4)="","",IF(SUMPRODUCT((P_ID=INDEX(L_ID,ROW()-4))*(P_StatusN="INACTIVE"))>0,1,0))
A26: =IF(INDEX(L_ID,ROW()-4)="","",IF(COUNTIF(P_ID,INDEX(L_ID,ROW()-4))>0,1,0)) | B26: =IF(INDEX(P_Type,ROW()-4)="","",TRIM(UPPER(INDEX(P_Type,ROW()-4)))) | C26: =IF($C$5="","",EDATE(C25,1)) | D26: =IF(INDEX(L_Type,ROW()-4)="","",TRIM(UPPER(INDEX(L_Type,ROW()-4)))) | E26: =IF(INDEX(P_Status,ROW()-4)="","",TRIM(UPPER(INDEX(P_Status,ROW()-4)))) | F26: =IF($C$20="","",TEXT($C$20,"yyyy-mm")) | G26: =IF(INDEX(L_Status,ROW()-4)="","",TRIM(UPPER(INDEX(L_Status,ROW()-4)))) | J26: =IF(INDEX(L_ID,ROW()-4)="","",IF(SUMPRODUCT((P_ID=INDEX(L_ID,ROW()-4))*(P_StatusN="INACTIVE"))>0,1,0))
A27: =IF(INDEX(L_ID,ROW()-4)="","",IF(COUNTIF(P_ID,INDEX(L_ID,ROW()-4))>0,1,0)) | B27: =IF(INDEX(P_Type,ROW()-4)="","",TRIM(UPPER(INDEX(P_Type,ROW()-4)))) | C27: =IF($C$5="","",EDATE(C26,1)) | D27: =IF(INDEX(L_Type,ROW()-4)="","",TRIM(UPPER(INDEX(L_Type,ROW()-4)))) | E27: =IF(INDEX(P_Status,ROW()-4)="","",TRIM(UPPER(INDEX(P_Status,ROW()-4)))) | F27: =IF($C$21="","",TEXT($C$21,"yyyy-mm")) | G27: =IF(INDEX(L_Status,ROW()-4)="","",TRIM(UPPER(INDEX(L_Status,ROW()-4)))) | J27: =IF(INDEX(L_ID,ROW()-4)="","",IF(SUMPRODUCT((P_ID=INDEX(L_ID,ROW()-4))*(P_StatusN="INACTIVE"))>0,1,0))
A28: =IF(INDEX(L_ID,ROW()-4)="","",IF(COUNTIF(P_ID,INDEX(L_ID,ROW()-4))>0,1,0)) | B28: =IF(INDEX(P_Type,ROW()-4)="","",TRIM(UPPER(INDEX(P_Type,ROW()-4)))) | C28: =IF($C$5="","",EDATE(C27,1)) | D28: =IF(INDEX(L_Type,ROW()-4)="","",TRIM(UPPER(INDEX(L_Type,ROW()-4)))) | E28: =IF(INDEX(P_Status,ROW()-4)="","",TRIM(UPPER(INDEX(P_Status,ROW()-4)))) | F28: =IF($C$22="","",TEXT($C$22,"yyyy-mm")) | G28: =IF(INDEX(L_Status,ROW()-4)="","",TRIM(UPPER(INDEX(L_Status,ROW()-4)))) | J28: =IF(INDEX(L_ID,ROW()-4)="","",IF(SUMPRODUCT((P_ID=INDEX(L_ID,ROW()-4))*(P_StatusN="INACTIVE"))>0,1,0))
A29: =IF(INDEX(L_ID,ROW()-4)="","",IF(COUNTIF(P_ID,INDEX(L_ID,ROW()-4))>0,1,0)) | B29: =IF(INDEX(P_Type,ROW()-4)="","",TRIM(UPPER(INDEX(P_Type,ROW()-4)))) | C29: =IF($C$5="","",EDATE(C28,1)) | D29: =IF(INDEX(L_Type,ROW()-4)="","",TRIM(UPPER(INDEX(L_Type,ROW()-4)))) | E29: =IF(INDEX(P_Status,ROW()-4)="","",TRIM(UPPER(INDEX(P_Status,ROW()-4)))) | F29: =IF($C$23="","",TEXT($C$23,"yyyy-mm")) | G29: =IF(INDEX(L_Status,ROW()-4)="","",TRIM(UPPER(INDEX(L_Status,ROW()-4)))) | J29: =IF(INDEX(L_ID,ROW()-4)="","",IF(SUMPRODUCT((P_ID=INDEX(L_ID,ROW()-4))*(P_StatusN="INACTIVE"))>0,1,0))
A30: =IF(INDEX(L_ID,ROW()-4)="","",IF(COUNTIF(P_ID,INDEX(L_ID,ROW()-4))>0,1,0)) | B30: =IF(INDEX(P_Type,ROW()-4)="","",TRIM(UPPER(INDEX(P_Type,ROW()-4)))) | C30: =IF($C$5="","",EDATE(C29,1)) | D30: =IF(INDEX(L_Type,ROW()-4)="","",TRIM(UPPER(INDEX(L_Type,ROW()-4)))) | E30: =IF(INDEX(P_Status,ROW()-4)="","",TRIM(UPPER(INDEX(P_Status,ROW()-4)))) | F30: =IF($C$24="","",TEXT($C$24,"yyyy-mm")) | G30: =IF(INDEX(L_Status,ROW()-4)="","",TRIM(UPPER(INDEX(L_Status,ROW()-4)))) | J30: =IF(INDEX(L_ID,ROW()-4)="","",IF(SUMPRODUCT((P_ID=INDEX(L_ID,ROW()-4))*(P_StatusN="INACTIVE"))>0,1,0))
A31: =IF(INDEX(L_ID,ROW()-4)="","",IF(COUNTIF(P_ID,INDEX(L_ID,ROW()-4))>0,1,0)) | B31: =IF(INDEX(P_Type,ROW()-4)="","",TRIM(UPPER(INDEX(P_Type,ROW()-4)))) | C31: =IF($C$5="","",EDATE(C30,1)) | D31: =IF(INDEX(L_Type,ROW()-4)="","",TRIM(UPPER(INDEX(L_Type,ROW()-4)))) | E31: =IF(INDEX(P_Status,ROW()-4)="","",TRIM(UPPER(INDEX(P_Status,ROW()-4)))) | F31: =IF($C$25="","",TEXT($C$25,"yyyy-mm")) | G31: =IF(INDEX(L_Status,ROW()-4)="","",TRIM(UPPER(INDEX(L_Status,ROW()-4)))) | J31: =IF(INDEX(L_ID,ROW()-4)="","",IF(SUMPRODUCT((P_ID=INDEX(L_ID,ROW()-4))*(P_StatusN="INACTIVE"))>0,1,0))
A32: =IF(INDEX(L_ID,ROW()-4)="","",IF(COUNTIF(P_ID,INDEX(L_ID,ROW()-4))>0,1,0)) | B32: =IF(INDEX(P_Type,ROW()-4)="","",TRIM(UPPER(INDEX(P_Type,ROW()-4)))) | C32: =IF($C$5="","",EDATE(C31,1)) | D32: =IF(INDEX(L_Type,ROW()-4)="","",TRIM(UPPER(INDEX(L_Type,ROW()-4)))) | E32: =IF(INDEX(P_Status,ROW()-4)="","",TRIM(UPPER(INDEX(P_Status,ROW()-4)))) | F32: =IF($C$26="","",TEXT($C$26,"yyyy-mm")) | G32: =IF(INDEX(L_Status,ROW()-4)="","",TRIM(UPPER(INDEX(L_Status,ROW()-4)))) | J32: =IF(INDEX(L_ID,ROW()-4)="","",IF(SUMPRODUCT((P_ID=INDEX(L_ID,ROW()-4))*(P_StatusN="INACTIVE"))>0,1,0))
A33: =IF(INDEX(L_ID,ROW()-4)="","",IF(COUNTIF(P_ID,INDEX(L_ID,ROW()-4))>0,1,0)) | B33: =IF(INDEX(P_Type,ROW()-4)="","",TRIM(UPPER(INDEX(P_Type,ROW()-4)))) | C33: =IF($C$5="","",EDATE(C32,1)) | D33: =IF(INDEX(L_Type,ROW()-4)="","",TRIM(UPPER(INDEX(L_Type,ROW()-4)))) | E33: =IF(INDEX(P_Status,ROW()-4)="","",TRIM(UPPER(INDEX(P_Status,ROW()-4)))) | F33: =IF($C$27="","",TEXT($C$27,"yyyy-mm")) | G33: =IF(INDEX(L_Status,ROW()-4)="","",TRIM(UPPER(INDEX(L_Status,ROW()-4)))) | J33: =IF(INDEX(L_ID,ROW()-4)="","",IF(SUMPRODUCT((P_ID=INDEX(L_ID,ROW()-4))*(P_StatusN="INACTIVE"))>0,1,0))
A34: =IF(INDEX(L_ID,ROW()-4)="","",IF(COUNTIF(P_ID,INDEX(L_ID,ROW()-4))>0,1,0)) | B34: =IF(INDEX(P_Type,ROW()-4)="","",TRIM(UPPER(INDEX(P_Type,ROW()-4)))) | C34: =IF($C$5="","",EDATE(C33,1)) | D34: =IF(INDEX(L_Type,ROW()-4)="","",TRIM(UPPER(INDEX(L_Type,ROW()-4)))) | E34: =IF(INDEX(P_Status,ROW()-4)="","",TRIM(UPPER(INDEX(P_Status,ROW()-4)))) | F34: =IF($C$28="","",TEXT($C$28,"yyyy-mm")) | G34: =IF(INDEX(L_Status,ROW()-4)="","",TRIM(UPPER(INDEX(L_Status,ROW()-4)))) | J34: =IF(INDEX(L_ID,ROW()-4)="","",IF(SUMPRODUCT((P_ID=INDEX(L_ID,ROW()-4))*(P_StatusN="INACTIVE"))>0,1,0))
A35: =IF(INDEX(L_ID,ROW()-4)="","",IF(COUNTIF(P_ID,INDEX(L_ID,ROW()-4))>0,1,0)) | B35: =IF(INDEX(P_Type,ROW()-4)="","",TRIM(UPPER(INDEX(P_Type,ROW()-4)))) | C35: =IF($C$5="","",EDATE(C34,1)) | D35: =IF(INDEX(L_Type,ROW()-4)="","",TRIM(UPPER(INDEX(L_Type,ROW()-4)))) | E35: =IF(INDEX(P_Status,ROW()-4)="","",TRIM(UPPER(INDEX(P_Status,ROW()-4)))) | F35: =IF($C$29="","",TEXT($C$29,"yyyy-mm")) | G35: =IF(INDEX(L_Status,ROW()-4)="","",TRIM(UPPER(INDEX(L_Status,ROW()-4)))) | J35: =IF(INDEX(L_ID,ROW()-4)="","",IF(SUMPRODUCT((P_ID=INDEX(L_ID,ROW()-4))*(P_StatusN="INACTIVE"))>0,1,0))
A36: =IF(INDEX(L_ID,ROW()-4)="","",IF(COUNTIF(P_ID,INDEX(L_ID,ROW()-4))>0,1,0)) | B36: =IF(INDEX(P_Type,ROW()-4)="","",TRIM(UPPER(INDEX(P_Type,ROW()-4)))) | C36: =IF($C$5="","",EDATE(C35,1)) | D36: =IF(INDEX(L_Type,ROW()-4)="","",TRIM(UPPER(INDEX(L_Type,ROW()-4)))) | E36: =IF(INDEX(P_Status,ROW()-4)="","",TRIM(UPPER(INDEX(P_Status,ROW()-4)))) | F36: =IF($C$30="","",TEXT($C$30,"yyyy-mm")) | G36: =IF(INDEX(L_Status,ROW()-4)="","",TRIM(UPPER(INDEX(L_Status,ROW()-4)))) | J36: =IF(INDEX(L_ID,ROW()-4)="","",IF(SUMPRODUCT((P_ID=INDEX(L_ID,ROW()-4))*(P_StatusN="INACTIVE"))>0,1,0))
A37: =IF(INDEX(L_ID,ROW()-4)="","",IF(COUNTIF(P_ID,INDEX(L_ID,ROW()-4))>0,1,0)) | B37: =IF(INDEX(P_Type,ROW()-4)="","",TRIM(UPPER(INDEX(P_Type,ROW()-4)))) | C37: =IF($C$5="","",EDATE(C36,1)) | D37: =IF(INDEX(L_Type,ROW()-4)="","",TRIM(UPPER(INDEX(L_Type,ROW()-4)))) | E37: =IF(INDEX(P_Status,ROW()-4)="","",TRIM(UPPER(INDEX(P_Status,ROW()-4)))) | F37: =IF($C$31="","",TEXT($C$31,"yyyy-mm")) | G37: =IF(INDEX(L_Status,ROW()-4)="","",TRIM(UPPER(INDEX(L_Status,ROW()-4)))) | J37: =IF(INDEX(L_ID,ROW()-4)="","",IF(SUMPRODUCT((P_ID=INDEX(L_ID,ROW()-4))*(P_StatusN="INACTIVE"))>0,1,0))
A38: =IF(INDEX(L_ID,ROW()-4)="","",IF(COUNTIF(P_ID,INDEX(L_ID,ROW()-4))>0,1,0)) | B38: =IF(INDEX(P_Type,ROW()-4)="","",TRIM(UPPER(INDEX(P_Type,ROW()-4)))) | C38: =IF($C$5="","",EDATE(C37,1)) | D38: =IF(INDEX(L_Type,ROW()-4)="","",TRIM(UPPER(INDEX(L_Type,ROW()-4)))) | E38: =IF(INDEX(P_Status,ROW()-4)="","",TRIM(UPPER(INDEX(P_Status,ROW()-4)))) | F38: =IF($C$32="","",TEXT($C$32,"yyyy-mm")) | G38: =IF(INDEX(L_Status,ROW()-4)="","",TRIM(UPPER(INDEX(L_Status,ROW()-4)))) | J38: =IF(INDEX(L_ID,ROW()-4)="","",IF(SUMPRODUCT((P_ID=INDEX(L_ID,ROW()-4))*(P_StatusN="INACTIVE"))>0,1,0))
A39: =IF(INDEX(L_ID,ROW()-4)="","",IF(COUNTIF(P_ID,INDEX(L_ID,ROW()-4))>0,1,0)) | B39: =IF(INDEX(P_Type,ROW()-4)="","",TRIM(UPPER(INDEX(P_Type,ROW()-4)))) | C39: =IF($C$5="","",EDATE(C38,1)) | D39: =IF(INDEX(L_Type,ROW()-4)="","",TRIM(UPPER(INDEX(L_Type,ROW()-4)))) | E39: =IF(INDEX(P_Status,ROW()-4)="","",TRIM(UPPER(INDEX(P_Status,ROW()-4)))) | F39: =IF($C$33="","",TEXT($C$33,"yyyy-mm")) | G39: =IF(INDEX(L_Status,ROW()-4)="","",TRIM(UPPER(INDEX(L_Status,ROW()-4)))) | J39: =IF(INDEX(L_ID,ROW()-4)="","",IF(SUMPRODUCT((P_ID=INDEX(L_ID,ROW()-4))*(P_StatusN="INACTIVE"))>0,1,0))
A40: =IF(INDEX(L_ID,ROW()-4)="","",IF(COUNTIF(P_ID,INDEX(L_ID,ROW()-4))>0,1,0)) | B40: =IF(INDEX(P_Type,ROW()-4)="","",TRIM(UPPER(INDEX(P_Type,ROW()-4)))) | C40: =IF($C$5="","",EDATE(C39,1)) | D40: =IF(INDEX(L_Type,ROW()-4)="","",TRIM(UPPER(INDEX(L_Type,ROW()-4)))) | E40: =IF(INDEX(P_Status,ROW()-4)="","",TRIM(UPPER(INDEX(P_Status,ROW()-4)))) | F40: =IF($C$34="","",TEXT($C$34,"yyyy-mm")) | G40: =IF(INDEX(L_Status,ROW()-4)="","",TRIM(UPPER(INDEX(L_Status,ROW()-4)))) | J40: =IF(INDEX(L_ID,ROW()-4)="","",IF(SUMPRODUCT((P_ID=INDEX(L_ID,ROW()-4))*(P_StatusN="INACTIVE"))>0,1,0))
A41: =IF(INDEX(L_ID,ROW()-4)="","",IF(COUNTIF(P_ID,INDEX(L_ID,ROW()-4))>0,1,0)) | B41: =IF(INDEX(P_Type,ROW()-4)="","",TRIM(UPPER(INDEX(P_Type,ROW()-4)))) | C41: =IF($C$5="","",EDATE(C40,1)) | D41: =IF(INDEX(L_Type,ROW()-4)="","",TRIM(UPPER(INDEX(L_Type,ROW()-4)))) | E41: =IF(INDEX(P_Status,ROW()-4)="","",TRIM(UPPER(INDEX(P_Status,ROW()-4)))) | F41: =IF($C$35="","",TEXT($C$35,"yyyy-mm")) | G41: =IF(INDEX(L_Status,ROW()-4)="","",TRIM(UPPER(INDEX(L_Status,ROW()-4)))) | J41: =IF(INDEX(L_ID,ROW()-4)="","",IF(SUMPRODUCT((P_ID=INDEX(L_ID,ROW()-4))*(P_StatusN="INACTIVE"))>0,1,0))
A42: =IF(INDEX(L_ID,ROW()-4)="","",IF(COUNTIF(P_ID,INDEX(L_ID,ROW()-4))>0,1,0)) | B42: =IF(INDEX(P_Type,ROW()-4)="","",TRIM(UPPER(INDEX(P_Type,ROW()-4)))) | C42: =IF($C$5="","",EDATE(C41,1)) | D42: =IF(INDEX(L_Type,ROW()-4)="","",TRIM(UPPER(INDEX(L_Type,ROW()-4)))) | E42: =IF(INDEX(P_Status,ROW()-4)="","",TRIM(UPPER(INDEX(P_Status,ROW()-4)))) | F42: =IF($C$36="","",TEXT($C$36,"yyyy-mm")) | G42: =IF(INDEX(L_Status,ROW()-4)="","",TRIM(UPPER(INDEX(L_Status,ROW()-4)))) | J42: =IF(INDEX(L_ID,ROW()-4)="","",IF(SUMPRODUCT((P_ID=INDEX(L_ID,ROW()-4))*(P_StatusN="INACTIVE"))>0,1,0))
A43: =IF(INDEX(L_ID,ROW()-4)="","",IF(COUNTIF(P_ID,INDEX(L_ID,ROW()-4))>0,1,0)) | B43: =IF(INDEX(P_Type,ROW()-4)="","",TRIM(UPPER(INDEX(P_Type,ROW()-4)))) | C43: =IF($C$5="","",EDATE(C42,1)) | D43: =IF(INDEX(L_Type,ROW()-4)="","",TRIM(UPPER(INDEX(L_Type,ROW()-4)))) | E43: =IF(INDEX(P_Status,ROW()-4)="","",TRIM(UPPER(INDEX(P_Status,ROW()-4)))) | F43: =IF($C$37="","",TEXT($C$37,"yyyy-mm")) | G43: =IF(INDEX(L_Status,ROW()-4)="","",TRIM(UPPER(INDEX(L_Status,ROW()-4)))) | J43: =IF(INDEX(L_ID,ROW()-4)="","",IF(SUMPRODUCT((P_ID=INDEX(L_ID,ROW()-4))*(P_StatusN="INACTIVE"))>0,1,0))
A44: =IF(INDEX(L_ID,ROW()-4)="","",IF(COUNTIF(P_ID,INDEX(L_ID,ROW()-4))>0,1,0)) | B44: =IF(INDEX(P_Type,ROW()-4)="","",TRIM(UPPER(INDEX(P_Type,ROW()-4)))) | C44: =IF($C$5="","",EDATE(C43,1)) | D44: =IF(INDEX(L_Type,ROW()-4)="","",TRIM(UPPER(INDEX(L_Type,ROW()-4)))) | E44: =IF(INDEX(P_Status,ROW()-4)="","",TRIM(UPPER(INDEX(P_Status,ROW()-4)))) | F44: =IF($C$38="","",TEXT($C$38,"yyyy-mm")) | G44: =IF(INDEX(L_Status,ROW()-4)="","",TRIM(UPPER(INDEX(L_Status,ROW()-4)))) | J44: =IF(INDEX(L_ID,ROW()-4)="","",IF(SUMPRODUCT((P_ID=INDEX(L_ID,ROW()-4))*(P_StatusN="INACTIVE"))>0,1,0))
A45: =IF(INDEX(L_ID,ROW()-4)="","",IF(COUNTIF(P_ID,INDEX(L_ID,ROW()-4))>0,1,0)) | B45: =IF(INDEX(P_Type,ROW()-4)="","",TRIM(UPPER(INDEX(P_Type,ROW()-4)))) | C45: =IF($C$5="","",EDATE(C44,1)) | D45: =IF(INDEX(L_Type,ROW()-4)="","",TRIM(UPPER(INDEX(L_Type,ROW()-4)))) | E45: =IF(INDEX(P_Status,ROW()-4)="","",TRIM(UPPER(INDEX(P_Status,ROW()-4)))) | F45: =IF($C$39="","",TEXT($C$39,"yyyy-mm")) | G45: =IF(INDEX(L_Status,ROW()-4)="","",TRIM(UPPER(INDEX(L_Status,ROW()-4)))) | J45: =IF(INDEX(L_ID,ROW()-4)="","",IF(SUMPRODUCT((P_ID=INDEX(L_ID,ROW()-4))*(P_StatusN="INACTIVE"))>0,1,0))
A46: =IF(INDEX(L_ID,ROW()-4)="","",IF(COUNTIF(P_ID,INDEX(L_ID,ROW()-4))>0,1,0)) | B46: =IF(INDEX(P_Type,ROW()-4)="","",TRIM(UPPER(INDEX(P_Type,ROW()-4)))) | C46: =IF($C$5="","",EDATE(C45,1)) | D46: =IF(INDEX(L_Type,ROW()-4)="","",TRIM(UPPER(INDEX(L_Type,ROW()-4)))) | E46: =IF(INDEX(P_Status,ROW()-4)="","",TRIM(UPPER(INDEX(P_Status,ROW()-4)))) | F46: =IF($C$40="","",TEXT($C$40,"yyyy-mm")) | G46: =IF(INDEX(L_Status,ROW()-4)="","",TRIM(UPPER(INDEX(L_Status,ROW()-4)))) | J46: =IF(INDEX(L_ID,ROW()-4)="","",IF(SUMPRODUCT((P_ID=INDEX(L_ID,ROW()-4))*(P_StatusN="INACTIVE"))>0,1,0))
A47: =IF(INDEX(L_ID,ROW()-4)="","",IF(COUNTIF(P_ID,INDEX(L_ID,ROW()-4))>0,1,0)) | B47: =IF(INDEX(P_Type,ROW()-4)="","",TRIM(UPPER(INDEX(P_Type,ROW()-4)))) | C47: =IF($C$5="","",EDATE(C46,1)) | D47: =IF(INDEX(L_Type,ROW()-4)="","",TRIM(UPPER(INDEX(L_Type,ROW()-4)))) | E47: =IF(INDEX(P_Status,ROW()-4)="","",TRIM(UPPER(INDEX(P_Status,ROW()-4)))) | F47: =IF($C$41="","",TEXT($C$41,"yyyy-mm")) | G47: =IF(INDEX(L_Status,ROW()-4)="","",TRIM(UPPER(INDEX(L_Status,ROW()-4)))) | J47: =IF(INDEX(L_ID,ROW()-4)="","",IF(SUMPRODUCT((P_ID=INDEX(L_ID,ROW()-4))*(P_StatusN="INACTIVE"))>0,1,0))
A48: =IF(INDEX(L_ID,ROW()-4)="","",IF(COUNTIF(P_ID,INDEX(L_ID,ROW()-4))>0,1,0)) | B48: =IF(INDEX(P_Type,ROW()-4)="","",TRIM(UPPER(INDEX(P_Type,ROW()-4)))) | C48: =IF($C$5="","",EDATE(C47,1)) | D48: =IF(INDEX(L_Type,ROW()-4)="","",TRIM(UPPER(INDEX(L_Type,ROW()-4)))) | E48: =IF(INDEX(P_Status,ROW()-4)="","",TRIM(UPPER(INDEX(P_Status,ROW()-4)))) | F48: =IF($C$42="","",TEXT($C$42,"yyyy-mm")) | G48: =IF(INDEX(L_Status,ROW()-4)="","",TRIM(UPPER(INDEX(L_Status,ROW()-4)))) | J48: =IF(INDEX(L_ID,ROW()-4)="","",IF(SUMPRODUCT((P_ID=INDEX(L_ID,ROW()-4))*(P_StatusN="INACTIVE"))>0,1,0))
A49: =IF(INDEX(L_ID,ROW()-4)="","",IF(COUNTIF(P_ID,INDEX(L_ID,ROW()-4))>0,1,0)) | B49: =IF(INDEX(P_Type,ROW()-4)="","",TRIM(UPPER(INDEX(P_Type,ROW()-4)))) | C49: =IF($C$5="","",EDATE(C48,1)) | D49: =IF(INDEX(L_Type,ROW()-4)="","",TRIM(UPPER(INDEX(L_Type,ROW()-4)))) | E49: =IF(INDEX(P_Status,ROW()-4)="","",TRIM(UPPER(INDEX(P_Status,ROW()-4)))) | F49: =IF($C$43="","",TEXT($C$43,"yyyy-mm")) | G49: =IF(INDEX(L_Status,ROW()-4)="","",TRIM(UPPER(INDEX(L_Status,ROW()-4)))) | J49: =IF(INDEX(L_ID,ROW()-4)="","",IF(SUMPRODUCT((P_ID=INDEX(L_ID,ROW()-4))*(P_StatusN="INACTIVE"))>0,1,0))
A50: =IF(INDEX(L_ID,ROW()-4)="","",IF(COUNTIF(P_ID,INDEX(L_ID,ROW()-4))>0,1,0)) | B50: =IF(INDEX(P_Type,ROW()-4)="","",TRIM(UPPER(INDEX(P_Type,ROW()-4)))) | C50: =IF($C$5="","",EDATE(C49,1)) | D50: =IF(INDEX(L_Type,ROW()-4)="","",TRIM(UPPER(INDEX(L_Type,ROW()-4)))) | E50: =IF(INDEX(P_Status,ROW()-4)="","",TRIM(UPPER(INDEX(P_Status,ROW()-4)))) | F50: =IF($C$44="","",TEXT($C$44,"yyyy-mm")) | G50: =IF(INDEX(L_Status,ROW()-4)="","",TRIM(UPPER(INDEX(L_Status,ROW()-4)))) | J50: =IF(INDEX(L_ID,ROW()-4)="","",IF(SUMPRODUCT((P_ID=INDEX(L_ID,ROW()-4))*(P_StatusN="INACTIVE"))>0,1,0))
A51: =IF(INDEX(L_ID,ROW()-4)="","",IF(COUNTIF(P_ID,INDEX(L_ID,ROW()-4))>0,1,0)) | B51: =IF(INDEX(P_Type,ROW()-4)="","",TRIM(UPPER(INDEX(P_Type,ROW()-4)))) | C51: =IF($C$5="","",EDATE(C50,1)) | D51: =IF(INDEX(L_Type,ROW()-4)="","",TRIM(UPPER(INDEX(L_Type,ROW()-4)))) | E51: =IF(INDEX(P_Status,ROW()-4)="","",TRIM(UPPER(INDEX(P_Status,ROW()-4)))) | F51: =IF($C$45="","",TEXT($C$45,"yyyy-mm")) | G51: =IF(INDEX(L_Status,ROW()-4)="","",TRIM(UPPER(INDEX(L_Status,ROW()-4)))) | J51: =IF(INDEX(L_ID,ROW()-4)="","",IF(SUMPRODUCT((P_ID=INDEX(L_ID,ROW()-4))*(P_StatusN="INACTIVE"))>0,1,0))
A52: =IF(INDEX(L_ID,ROW()-4)="","",IF(COUNTIF(P_ID,INDEX(L_ID,ROW()-4))>0,1,0)) | B52: =IF(INDEX(P_Type,ROW()-4)="","",TRIM(UPPER(INDEX(P_Type,ROW()-4)))) | C52: =IF($C$5="","",EDATE(C51,1)) | D52: =IF(INDEX(L_Type,ROW()-4)="","",TRIM(UPPER(INDEX(L_Type,ROW()-4)))) | E52: =IF(INDEX(P_Status,ROW()-4)="","",TRIM(UPPER(INDEX(P_Status,ROW()-4)))) | F52: =IF($C$46="","",TEXT($C$46,"yyyy-mm")) | G52: =IF(INDEX(L_Status,ROW()-4)="","",TRIM(UPPER(INDEX(L_Status,ROW()-4)))) | J52: =IF(INDEX(L_ID,ROW()-4)="","",IF(SUMPRODUCT((P_ID=INDEX(L_ID,ROW()-4))*(P_StatusN="INACTIVE"))>0,1,0))
A53: =IF(INDEX(L_ID,ROW()-4)="","",IF(COUNTIF(P_ID,INDEX(L_ID,ROW()-4))>0,1,0)) | B53: =IF(INDEX(P_Type,ROW()-4)="","",TRIM(UPPER(INDEX(P_Type,ROW()-4)))) | D53: =IF(INDEX(L_Type,ROW()-4)="","",TRIM(UPPER(INDEX(L_Type,ROW()-4)))) | E53: =IF(INDEX(P_Status,ROW()-4)="","",TRIM(UPPER(INDEX(P_Status,ROW()-4)))) | F53: =IF($C$47="","",TEXT($C$47,"yyyy-mm")) | G53: =IF(INDEX(L_Status,ROW()-4)="","",TRIM(UPPER(INDEX(L_Status,ROW()-4)))) | J53: =IF(INDEX(L_ID,ROW()-4)="","",IF(SUMPRODUCT((P_ID=INDEX(L_ID,ROW()-4))*(P_StatusN="INACTIVE"))>0,1,0))
A54: =IF(INDEX(L_ID,ROW()-4)="","",IF(COUNTIF(P_ID,INDEX(L_ID,ROW()-4))>0,1,0)) | B54: =IF(INDEX(P_Type,ROW()-4)="","",TRIM(UPPER(INDEX(P_Type,ROW()-4)))) | D54: =IF(INDEX(L_Type,ROW()-4)="","",TRIM(UPPER(INDEX(L_Type,ROW()-4)))) | E54: =IF(INDEX(P_Status,ROW()-4)="","",TRIM(UPPER(INDEX(P_Status,ROW()-4)))) | F54: =IF($C$48="","",TEXT($C$48,"yyyy-mm")) | G54: =IF(INDEX(L_Status,ROW()-4)="","",TRIM(UPPER(INDEX(L_Status,ROW()-4)))) | J54: =IF(INDEX(L_ID,ROW()-4)="","",IF(SUMPRODUCT((P_ID=INDEX(L_ID,ROW()-4))*(P_StatusN="INACTIVE"))>0,1,0))
A55: =IF(INDEX(L_ID,ROW()-4)="","",IF(COUNTIF(P_ID,INDEX(L_ID,ROW()-4))>0,1,0)) | B55: =IF(INDEX(P_Type,ROW()-4)="","",TRIM(UPPER(INDEX(P_Type,ROW()-4)))) | D55: =IF(INDEX(L_Type,ROW()-4)="","",TRIM(UPPER(INDEX(L_Type,ROW()-4)))) | E55: =IF(INDEX(P_Status,ROW()-4)="","",TRIM(UPPER(INDEX(P_Status,ROW()-4)))) | F55: =IF($C$49="","",TEXT($C$49,"yyyy-mm")) | G55: =IF(INDEX(L_Status,ROW()-4)="","",TRIM(UPPER(INDEX(L_Status,ROW()-4)))) | J55: =IF(INDEX(L_ID,ROW()-4)="","",IF(SUMPRODUCT((P_ID=INDEX(L_ID,ROW()-4))*(P_StatusN="INACTIVE"))>0,1,0))
A56: =IF(INDEX(L_ID,ROW()-4)="","",IF(COUNTIF(P_ID,INDEX(L_ID,ROW()-4))>0,1,0)) | B56: =IF(INDEX(P_Type,ROW()-4)="","",TRIM(UPPER(INDEX(P_Type,ROW()-4)))) | D56: =IF(INDEX(L_Type,ROW()-4)="","",TRIM(UPPER(INDEX(L_Type,ROW()-4)))) | E56: =IF(INDEX(P_Status,ROW()-4)="","",TRIM(UPPER(INDEX(P_Status,ROW()-4)))) | F56: =IF($C$50="","",TEXT($C$50,"yyyy-mm")) | G56: =IF(INDEX(L_Status,ROW()-4)="","",TRIM(UPPER(INDEX(L_Status,ROW()-4)))) | J56: =IF(INDEX(L_ID,ROW()-4)="","",IF(SUMPRODUCT((P_ID=INDEX(L_ID,ROW()-4))*(P_StatusN="INACTIVE"))>0,1,0))
A57: =IF(INDEX(L_ID,ROW()-4)="","",IF(COUNTIF(P_ID,INDEX(L_ID,ROW()-4))>0,1,0)) | B57: =IF(INDEX(P_Type,ROW()-4)="","",TRIM(UPPER(INDEX(P_Type,ROW()-4)))) | D57: =IF(INDEX(L_Type,ROW()-4)="","",TRIM(UPPER(INDEX(L_Type,ROW()-4)))) | E57: =IF(INDEX(P_Status,ROW()-4)="","",TRIM(UPPER(INDEX(P_Status,ROW()-4)))) | F57: =IF($C$51="","",TEXT($C$51,"yyyy-mm")) | G57: =IF(INDEX(L_Status,ROW()-4)="","",TRIM(UPPER(INDEX(L_Status,ROW()-4)))) | J57: =IF(INDEX(L_ID,ROW()-4)="","",IF(SUMPRODUCT((P_ID=INDEX(L_ID,ROW()-4))*(P_StatusN="INACTIVE"))>0,1,0))
A58: =IF(INDEX(L_ID,ROW()-4)="","",IF(COUNTIF(P_ID,INDEX(L_ID,ROW()-4))>0,1,0)) | B58: =IF(INDEX(P_Type,ROW()-4)="","",TRIM(UPPER(INDEX(P_Type,ROW()-4)))) | D58: =IF(INDEX(L_Type,ROW()-4)="","",TRIM(UPPER(INDEX(L_Type,ROW()-4)))) | E58: =IF(INDEX(P_Status,ROW()-4)="","",TRIM(UPPER(INDEX(P_Status,ROW()-4)))) | F58: =IF($C$52="","",TEXT($C$52,"yyyy-mm")) | G58: =IF(INDEX(L_Status,ROW()-4)="","",TRIM(UPPER(INDEX(L_Status,ROW()-4)))) | J58: =IF(INDEX(L_ID,ROW()-4)="","",IF(SUMPRODUCT((P_ID=INDEX(L_ID,ROW()-4))*(P_StatusN="INACTIVE"))>0,1,0))
A59: =IF(INDEX(L_ID,ROW()-4)="","",IF(COUNTIF(P_ID,INDEX(L_ID,ROW()-4))>0,1,0)) | B59: =IF(INDEX(P_Type,ROW()-4)="","",TRIM(UPPER(INDEX(P_Type,ROW()-4)))) | D59: =IF(INDEX(L_Type,ROW()-4)="","",TRIM(UPPER(INDEX(L_Type,ROW()-4)))) | E59: =IF(INDEX(P_Status,ROW()-4)="","",TRIM(UPPER(INDEX(P_Status,ROW()-4)))) | G59: =IF(INDEX(L_Status,ROW()-4)="","",TRIM(UPPER(INDEX(L_Status,ROW()-4)))) | J59: =IF(INDEX(L_ID,ROW()-4)="","",IF(SUMPRODUCT((P_ID=INDEX(L_ID,ROW()-4))*(P_StatusN="INACTIVE"))>0,1,0))
A60: =IF(INDEX(L_ID,ROW()-4)="","",IF(COUNTIF(P_ID,INDEX(L_ID,ROW()-4))>0,1,0)) | B60: =IF(INDEX(P_Type,ROW()-4)="","",TRIM(UPPER(INDEX(P_Type,ROW()-4)))) | D60: =IF(INDEX(L_Type,ROW()-4)="","",TRIM(UPPER(INDEX(L_Type,ROW()-4)))) | E60: =IF(INDEX(P_Status,ROW()-4)="","",TRIM(UPPER(INDEX(P_Status,ROW()-4)))) | G60: =IF(INDEX(L_Status,ROW()-4)="","",TRIM(UPPER(INDEX(L_Status,ROW()-4)))) | J60: =IF(INDEX(L_ID,ROW()-4)="","",IF(SUMPRODUCT((P_ID=INDEX(L_ID,ROW()-4))*(P_StatusN="INACTIVE"))>0,1,0))
A61: =IF(INDEX(L_ID,ROW()-4)="","",IF(COUNTIF(P_ID,INDEX(L_ID,ROW()-4))>0,1,0)) | B61: =IF(INDEX(P_Type,ROW()-4)="","",TRIM(UPPER(INDEX(P_Type,ROW()-4)))) | D61: =IF(INDEX(L_Type,ROW()-4)="","",TRIM(UPPER(INDEX(L_Type,ROW()-4)))) | E61: =IF(INDEX(P_Status,ROW()-4)="","",TRIM(UPPER(INDEX(P_Status,ROW()-4)))) | G61: =IF(INDEX(L_Status,ROW()-4)="","",TRIM(UPPER(INDEX(L_Status,ROW()-4)))) | J61: =IF(INDEX(L_ID,ROW()-4)="","",IF(SUMPRODUCT((P_ID=INDEX(L_ID,ROW()-4))*(P_StatusN="INACTIVE"))>0,1,0))
A62: =IF(INDEX(L_ID,ROW()-4)="","",IF(COUNTIF(P_ID,INDEX(L_ID,ROW()-4))>0,1,0)) | B62: =IF(INDEX(P_Type,ROW()-4)="","",TRIM(UPPER(INDEX(P_Type,ROW()-4)))) | D62: =IF(INDEX(L_Type,ROW()-4)="","",TRIM(UPPER(INDEX(L_Type,ROW()-4)))) | E62: =IF(INDEX(P_Status,ROW()-4)="","",TRIM(UPPER(INDEX(P_Status,ROW()-4)))) | G62: =IF(INDEX(L_Status,ROW()-4)="","",TRIM(UPPER(INDEX(L_Status,ROW()-4)))) | J62: =IF(INDEX(L_ID,ROW()-4)="","",IF(SUMPRODUCT((P_ID=INDEX(L_ID,ROW()-4))*(P_StatusN="INACTIVE"))>0,1,0))
A63: =IF(INDEX(L_ID,ROW()-4)="","",IF(COUNTIF(P_ID,INDEX(L_ID,ROW()-4))>0,1,0)) | B63: =IF(INDEX(P_Type,ROW()-4)="","",TRIM(UPPER(INDEX(P_Type,ROW()-4)))) | D63: =IF(INDEX(L_Type,ROW()-4)="","",TRIM(UPPER(INDEX(L_Type,ROW()-4)))) | E63: =IF(INDEX(P_Status,ROW()-4)="","",TRIM(UPPER(INDEX(P_Status,ROW()-4)))) | G63: =IF(INDEX(L_Status,ROW()-4)="","",TRIM(UPPER(INDEX(L_Status,ROW()-4)))) | J63: =IF(INDEX(L_ID,ROW()-4)="","",IF(SUMPRODUCT((P_ID=INDEX(L_ID,ROW()-4))*(P_StatusN="INACTIVE"))>0,1,0))
A64: =IF(INDEX(L_ID,ROW()-4)="","",IF(COUNTIF(P_ID,INDEX(L_ID,ROW()-4))>0,1,0)) | B64: =IF(INDEX(P_Type,ROW()-4)="","",TRIM(UPPER(INDEX(P_Type,ROW()-4)))) | D64: =IF(INDEX(L_Type,ROW()-4)="","",TRIM(UPPER(INDEX(L_Type,ROW()-4)))) | E64: =IF(INDEX(P_Status,ROW()-4)="","",TRIM(UPPER(INDEX(P_Status,ROW()-4)))) | G64: =IF(INDEX(L_Status,ROW()-4)="","",TRIM(UPPER(INDEX(L_Status,ROW()-4)))) | J64: =IF(INDEX(L_ID,ROW()-4)="","",IF(SUMPRODUCT((P_ID=INDEX(L_ID,ROW()-4))*(P_StatusN="INACTIVE"))>0,1,0))
A65: =IF(INDEX(L_ID,ROW()-4)="","",IF(COUNTIF(P_ID,INDEX(L_ID,ROW()-4))>0,1,0)) | B65: =IF(INDEX(P_Type,ROW()-4)="","",TRIM(UPPER(INDEX(P_Type,ROW()-4)))) | D65: =IF(INDEX(L_Type,ROW()-4)="","",TRIM(UPPER(INDEX(L_Type,ROW()-4)))) | E65: =IF(INDEX(P_Status,ROW()-4)="","",TRIM(UPPER(INDEX(P_Status,ROW()-4)))) | G65: =IF(INDEX(L_Status,ROW()-4)="","",TRIM(UPPER(INDEX(L_Status,ROW()-4)))) | J65: =IF(INDEX(L_ID,ROW()-4)="","",IF(SUMPRODUCT((P_ID=INDEX(L_ID,ROW()-4))*(P_StatusN="INACTIVE"))>0,1,0))
A66: =IF(INDEX(L_ID,ROW()-4)="","",IF(COUNTIF(P_ID,INDEX(L_ID,ROW()-4))>0,1,0)) | B66: =IF(INDEX(P_Type,ROW()-4)="","",TRIM(UPPER(INDEX(P_Type,ROW()-4)))) | D66: =IF(INDEX(L_Type,ROW()-4)="","",TRIM(UPPER(INDEX(L_Type,ROW()-4)))) | E66: =IF(INDEX(P_Status,ROW()-4)="","",TRIM(UPPER(INDEX(P_Status,ROW()-4)))) | G66: =IF(INDEX(L_Status,ROW()-4)="","",TRIM(UPPER(INDEX(L_Status,ROW()-4)))) | J66: =IF(INDEX(L_ID,ROW()-4)="","",IF(SUMPRODUCT((P_ID=INDEX(L_ID,ROW()-4))*(P_StatusN="INACTIVE"))>0,1,0))
A67: =IF(INDEX(L_ID,ROW()-4)="","",IF(COUNTIF(P_ID,INDEX(L_ID,ROW()-4))>0,1,0)) | B67: =IF(INDEX(P_Type,ROW()-4)="","",TRIM(UPPER(INDEX(P_Type,ROW()-4)))) | D67: =IF(INDEX(L_Type,ROW()-4)="","",TRIM(UPPER(INDEX(L_Type,ROW()-4)))) | E67: =IF(INDEX(P_Status,ROW()-4)="","",TRIM(UPPER(INDEX(P_Status,ROW()-4)))) | G67: =IF(INDEX(L_Status,ROW()-4)="","",TRIM(UPPER(INDEX(L_Status,ROW()-4)))) | J67: =IF(INDEX(L_ID,ROW()-4)="","",IF(SUMPRODUCT((P_ID=INDEX(L_ID,ROW()-4))*(P_StatusN="INACTIVE"))>0,1,0))
A68: =IF(INDEX(L_ID,ROW()-4)="","",IF(COUNTIF(P_ID,INDEX(L_ID,ROW()-4))>0,1,0)) | B68: =IF(INDEX(P_Type,ROW()-4)="","",TRIM(UPPER(INDEX(P_Type,ROW()-4)))) | D68: =IF(INDEX(L_Type,ROW()-4)="","",TRIM(UPPER(INDEX(L_Type,ROW()-4)))) | E68: =IF(INDEX(P_Status,ROW()-4)="","",TRIM(UPPER(INDEX(P_Status,ROW()-4)))) | G68: =IF(INDEX(L_Status,ROW()-4)="","",TRIM(UPPER(INDEX(L_Status,ROW()-4)))) | J68: =IF(INDEX(L_ID,ROW()-4)="","",IF(SUMPRODUCT((P_ID=INDEX(L_ID,ROW()-4))*(P_StatusN="INACTIVE"))>0,1,0))
A69: =IF(INDEX(L_ID,ROW()-4)="","",IF(COUNTIF(P_ID,INDEX(L_ID,ROW()-4))>0,1,0)) | B69: =IF(INDEX(P_Type,ROW()-4)="","",TRIM(UPPER(INDEX(P_Type,ROW()-4)))) | D69: =IF(INDEX(L_Type,ROW()-4)="","",TRIM(UPPER(INDEX(L_Type,ROW()-4)))) | E69: =IF(INDEX(P_Status,ROW()-4)="","",TRIM(UPPER(INDEX(P_Status,ROW()-4)))) | G69: =IF(INDEX(L_Status,ROW()-4)="","",TRIM(UPPER(INDEX(L_Status,ROW()-4)))) | J69: =IF(INDEX(L_ID,ROW()-4)="","",IF(SUMPRODUCT((P_ID=INDEX(L_ID,ROW()-4))*(P_StatusN="INACTIVE"))>0,1,0))
A70: =IF(INDEX(L_ID,ROW()-4)="","",IF(COUNTIF(P_ID,INDEX(L_ID,ROW()-4))>0,1,0)) | B70: =IF(INDEX(P_Type,ROW()-4)="","",TRIM(UPPER(INDEX(P_Type,ROW()-4)))) | D70: =IF(INDEX(L_Type,ROW()-4)="","",TRIM(UPPER(INDEX(L_Type,ROW()-4)))) | E70: =IF(INDEX(P_Status,ROW()-4)="","",TRIM(UPPER(INDEX(P_Status,ROW()-4)))) | G70: =IF(INDEX(L_Status,ROW()-4)="","",TRIM(UPPER(INDEX(L_Status,ROW()-4)))) | J70: =IF(INDEX(L_ID,ROW()-4)="","",IF(SUMPRODUCT((P_ID=INDEX(L_ID,ROW()-4))*(P_StatusN="INACTIVE"))>0,1,0))
... A5004: =IF(INDEX(L_ID,ROW()-4)="","",IF(COUNTIF(P_ID,INDEX(L_ID,ROW()-4))>0,1,0)) | B5004: =IF(INDEX(P_Type,ROW()-4)="","",TRIM(UPPER(INDEX(P_Type,ROW()-4)))) | D5004: =IF(INDEX(L_Type,ROW()-4)="","",TRIM(UPPER(INDEX(L_Type,ROW()-4)))) | E5004: =IF(INDEX(P_Status,ROW()-4)="","",TRIM(UPPER(INDEX(P_Status,ROW()-4)))) | G5004: =IF(INDEX(L_Status,ROW()-4)="","",TRIM(UPPER(INDEX(L_Status,ROW()-4)))) | J5004: =IF(INDEX(L_ID,ROW()-4)="","",IF(SUMPRODUCT((P_ID=INDEX(L_ID,ROW()-4))*(P_StatusN="INACTIVE"))>0,1,0))
